timestamp_start,timestamp_stop,sampling_time,left_file_path_0,right_file_path_0,
IMG_20240524_125631,IMG_20240524_125631,1,datastream_1\samples\left\IMG_20240524_125631,0, 
IMG_20240524_125635,IMG_20240524_125635,1,datastream_1\samples\left\IMG_20240524_125635,0, 
IMG_20240524_125639,IMG_20240524_125639,1,datastream_1\samples\left\IMG_20240524_125639,0, 
IMG_20240524_125644,IMG_20240524_125644,1,datastream_1\samples\left\IMG_20240524_125644,0, 
IMG_20240524_125650,IMG_20240524_125650,1,datastream_1\samples\left\IMG_20240524_125650,0, 
IMG_20240524_125840,IMG_20240524_125840,1,datastream_1\samples\left\IMG_20240524_125840,0, 
IMG_20240524_125842,IMG_20240524_125842,1,datastream_1\samples\left\IMG_20240524_125842,0, 
IMG_20240524_125845,IMG_20240524_125845,1,datastream_1\samples\left\IMG_20240524_125845,0, 
IMG_20240524_125847,IMG_20240524_125847,1,datastream_1\samples\left\IMG_20240524_125847,0, 
IMG_20240524_125910,IMG_20240524_125910,1,datastream_1\samples\left\IMG_20240524_125910,0, 
IMG_20240524_131023,IMG_20240524_131023,1,datastream_1\samples\left\IMG_20240524_131023,0, 
IMG_20240524_131026,IMG_20240524_131026,1,datastream_1\samples\left\IMG_20240524_131026,0, 
IMG_20240524_131028,IMG_20240524_131028,1,datastream_1\samples\left\IMG_20240524_131028,0, 
IMG_20240524_131031,IMG_20240524_131031,1,datastream_1\samples\left\IMG_20240524_131031,0, 
IMG_20240524_131036,IMG_20240524_131036,1,datastream_1\samples\left\IMG_20240524_131036,0, 
IMG_20240524_131142,IMG_20240524_131142,1,datastream_1\samples\left\IMG_20240524_131142,0, 
IMG_20240524_131146,IMG_20240524_131146,1,datastream_1\samples\left\IMG_20240524_131146,0, 
IMG_20240524_131148,IMG_20240524_131148,1,datastream_1\samples\left\IMG_20240524_131148,0, 
IMG_20240524_131150,IMG_20240524_131150,1,datastream_1\samples\left\IMG_20240524_131150,0, 
IMG_20240524_131151,IMG_20240524_131151,1,datastream_1\samples\left\IMG_20240524_131151,0, 
IMG_20240524_131221,IMG_20240524_131221,1,datastream_1\samples\left\IMG_20240524_131221,0, 
IMG_20240524_131222,IMG_20240524_131222,1,datastream_1\samples\left\IMG_20240524_131222,0, 
IMG_20240524_131224,IMG_20240524_131224,1,datastream_1\samples\left\IMG_20240524_131224,0, 
IMG_20240524_131226,IMG_20240524_131226,1,datastream_1\samples\left\IMG_20240524_131226,0, 
IMG_20240524_131229,IMG_20240524_131229,1,datastream_1\samples\left\IMG_20240524_131229,0, 
IMG_20240524_131328,IMG_20240524_131328,1,datastream_1\samples\left\IMG_20240524_131328,0, 
IMG_20240524_131330,IMG_20240524_131330,1,datastream_1\samples\left\IMG_20240524_131330,0, 
IMG_20240524_131333,IMG_20240524_131333,1,datastream_1\samples\left\IMG_20240524_131333,0, 
IMG_20240524_131334,IMG_20240524_131334,1,datastream_1\samples\left\IMG_20240524_131334,0, 
IMG_20240524_131336,IMG_20240524_131336,1,datastream_1\samples\left\IMG_20240524_131336,0, 
IMG_20240524_131412,IMG_20240524_131412,1,datastream_1\samples\left\IMG_20240524_131412,0, 
IMG_20240524_131413,IMG_20240524_131413,1,datastream_1\samples\left\IMG_20240524_131413,0, 
IMG_20240524_131415,IMG_20240524_131415,1,datastream_1\samples\left\IMG_20240524_131415,0, 
IMG_20240524_131417,IMG_20240524_131417,1,datastream_1\samples\left\IMG_20240524_131417,0, 
IMG_20240524_131426,IMG_20240524_131426,1,datastream_1\samples\left\IMG_20240524_131426,0, 
IMG_20240524_131711,IMG_20240524_131711,1,datastream_1\samples\left\IMG_20240524_131711,0, 
IMG_20240524_131712,IMG_20240524_131712,1,datastream_1\samples\left\IMG_20240524_131712,0, 
IMG_20240524_131714,IMG_20240524_131714,1,datastream_1\samples\left\IMG_20240524_131714,0, 
IMG_20240524_131715,IMG_20240524_131715,1,datastream_1\samples\left\IMG_20240524_131715,0, 
IMG_20240524_131716,IMG_20240524_131716,1,datastream_1\samples\left\IMG_20240524_131716,0, 
IMG_20240524_141918,IMG_20240524_141918,1,datastream_1\samples\left\IMG_20240524_141918,0, 
IMG_20240524_141921,IMG_20240524_141921,1,datastream_1\samples\left\IMG_20240524_141921,0, 
IMG_20240524_141923,IMG_20240524_141923,1,datastream_1\samples\left\IMG_20240524_141923,0, 
IMG_20240524_141925,IMG_20240524_141925,1,datastream_1\samples\left\IMG_20240524_141925,0, 
IMG_20240524_141928,IMG_20240524_141928,1,datastream_1\samples\left\IMG_20240524_141928,0, 
IMG_20240524_141955,IMG_20240524_141955,1,datastream_1\samples\left\IMG_20240524_141955,0, 
IMG_20240524_141958,IMG_20240524_141958,1,datastream_1\samples\left\IMG_20240524_141958,0, 
IMG_20240524_142001,IMG_20240524_142001,1,datastream_1\samples\left\IMG_20240524_142001,0, 
IMG_20240524_142005,IMG_20240524_142005,1,datastream_1\samples\left\IMG_20240524_142005,0, 
IMG_20240524_142009,IMG_20240524_142009,1,datastream_1\samples\left\IMG_20240524_142009,0, 
IMG_20240524_142029,IMG_20240524_142029,1,datastream_1\samples\left\IMG_20240524_142029,0, 
IMG_20240524_142032,IMG_20240524_142032,1,datastream_1\samples\left\IMG_20240524_142032,0, 
IMG_20240524_142035,IMG_20240524_142035,1,datastream_1\samples\left\IMG_20240524_142035,0, 
IMG_20240524_142038,IMG_20240524_142038,1,datastream_1\samples\left\IMG_20240524_142038,0, 
IMG_20240524_142047,IMG_20240524_142047,1,datastream_1\samples\left\IMG_20240524_142047,0, 
IMG_20240524_142107,IMG_20240524_142107,1,datastream_1\samples\left\IMG_20240524_142107,0, 
IMG_20240524_142111,IMG_20240524_142111,1,datastream_1\samples\left\IMG_20240524_142111,0, 
IMG_20240524_142118,IMG_20240524_142118,1,datastream_1\samples\left\IMG_20240524_142118,0, 
IMG_20240524_142125,IMG_20240524_142125,1,datastream_1\samples\left\IMG_20240524_142125,0, 
IMG_20240524_142128,IMG_20240524_142128,1,datastream_1\samples\left\IMG_20240524_142128,0, 
IMG_20240524_142334,IMG_20240524_142334,1,datastream_1\samples\left\IMG_20240524_142334,0, 
IMG_20240524_142340,IMG_20240524_142340,1,datastream_1\samples\left\IMG_20240524_142340,0, 
IMG_20240524_142342,IMG_20240524_142342,1,datastream_1\samples\left\IMG_20240524_142342,0, 
IMG_20240524_142344,IMG_20240524_142344,1,datastream_1\samples\left\IMG_20240524_142344,0, 
IMG_20240524_142346,IMG_20240524_142346,1,datastream_1\samples\left\IMG_20240524_142346,0, 
IMG_20240525_160255,IMG_20240525_160255,1,datastream_1\samples\left\IMG_20240525_160255,0, 
IMG_20240525_160257,IMG_20240525_160257,1,datastream_1\samples\left\IMG_20240525_160257,0, 
IMG_20240525_160303,IMG_20240525_160303,1,datastream_1\samples\left\IMG_20240525_160303,0, 
IMG_20240525_160306,IMG_20240525_160306,1,datastream_1\samples\left\IMG_20240525_160306,0, 
IMG_20240525_160312,IMG_20240525_160312,1,datastream_1\samples\left\IMG_20240525_160312,0, 
IMG_20240525_160405,IMG_20240525_160405,1,datastream_1\samples\left\IMG_20240525_160405,0, 
IMG_20240525_160409,IMG_20240525_160409,1,datastream_1\samples\left\IMG_20240525_160409,0, 
IMG_20240525_160412,IMG_20240525_160412,1,datastream_1\samples\left\IMG_20240525_160412,0, 
IMG_20240525_160417,IMG_20240525_160417,1,datastream_1\samples\left\IMG_20240525_160417,0, 
IMG_20240525_160431,IMG_20240525_160431,1,datastream_1\samples\left\IMG_20240525_160431,0, 
IMG_20240525_161648,IMG_20240525_161648,1,datastream_1\samples\left\IMG_20240525_161648,0, 
IMG_20240525_161652,IMG_20240525_161652,1,datastream_1\samples\left\IMG_20240525_161652,0, 
IMG_20240525_161655,IMG_20240525_161655,1,datastream_1\samples\left\IMG_20240525_161655,0, 
IMG_20240525_161659,IMG_20240525_161659,1,datastream_1\samples\left\IMG_20240525_161659,0, 
IMG_20240525_161703,IMG_20240525_161703,1,datastream_1\samples\left\IMG_20240525_161703,0, 
IMG_20240525_161849,IMG_20240525_161849,1,datastream_1\samples\left\IMG_20240525_161849,0, 
IMG_20240525_161853,IMG_20240525_161853,1,datastream_1\samples\left\IMG_20240525_161853,0, 
IMG_20240525_161857,IMG_20240525_161857,1,datastream_1\samples\left\IMG_20240525_161857,0, 
IMG_20240525_161906,IMG_20240525_161906,1,datastream_1\samples\left\IMG_20240525_161906,0, 
IMG_20240525_161914,IMG_20240525_161914,1,datastream_1\samples\left\IMG_20240525_161914,0, 
IMG_20240525_162329,IMG_20240525_162329,1,datastream_1\samples\left\IMG_20240525_162329,0, 
IMG_20240525_162334,IMG_20240525_162334,1,datastream_1\samples\left\IMG_20240525_162334,0, 
IMG_20240525_162338,IMG_20240525_162338,1,datastream_1\samples\left\IMG_20240525_162338,0, 
IMG_20240525_162343,IMG_20240525_162343,1,datastream_1\samples\left\IMG_20240525_162343,0, 
IMG_20240525_162347,IMG_20240525_162347,1,datastream_1\samples\left\IMG_20240525_162347,0, 
IMG_20240525_163531,IMG_20240525_163531,1,datastream_1\samples\left\IMG_20240525_163531,0, 
IMG_20240525_163536,IMG_20240525_163536,1,datastream_1\samples\left\IMG_20240525_163536,0, 
IMG_20240525_163543,IMG_20240525_163543,1,datastream_1\samples\left\IMG_20240525_163543,0, 
IMG_20240525_163547,IMG_20240525_163547,1,datastream_1\samples\left\IMG_20240525_163547,0, 
IMG_20240525_163552,IMG_20240525_163552,1,datastream_1\samples\left\IMG_20240525_163552,0, 
IMG_20240525_163559,IMG_20240525_163559,1,datastream_1\samples\left\IMG_20240525_163559,0, 
IMG_20240525_163602,IMG_20240525_163602,1,datastream_1\samples\left\IMG_20240525_163602,0, 
IMG_20240525_163606,IMG_20240525_163606,1,datastream_1\samples\left\IMG_20240525_163606,0, 
IMG_20240525_163610,IMG_20240525_163610,1,datastream_1\samples\left\IMG_20240525_163610,0, 
IMG_20240525_163615,IMG_20240525_163615,1,datastream_1\samples\left\IMG_20240525_163615,0, 
IMG_20240525_163822,IMG_20240525_163822,1,datastream_1\samples\left\IMG_20240525_163822,0, 
IMG_20240525_163826,IMG_20240525_163826,1,datastream_1\samples\left\IMG_20240525_163826,0, 
IMG_20240525_163830,IMG_20240525_163830,1,datastream_1\samples\left\IMG_20240525_163830,0, 
IMG_20240525_163832,IMG_20240525_163832,1,datastream_1\samples\left\IMG_20240525_163832,0, 
IMG_20240525_163834,IMG_20240525_163834,1,datastream_1\samples\left\IMG_20240525_163834,0, 
IMG_20240525_163845,IMG_20240525_163845,1,datastream_1\samples\left\IMG_20240525_163845,0, 
IMG_20240525_163847,IMG_20240525_163847,1,datastream_1\samples\left\IMG_20240525_163847,0, 
IMG_20240525_163849,IMG_20240525_163849,1,datastream_1\samples\left\IMG_20240525_163849,0, 
IMG_20240525_163851,IMG_20240525_163851,1,datastream_1\samples\left\IMG_20240525_163851,0, 
IMG_20240525_163854,IMG_20240525_163854,1,datastream_1\samples\left\IMG_20240525_163854,0, 
IMG_20240525_165707,IMG_20240525_165707,1,datastream_1\samples\left\IMG_20240525_165707,0, 
IMG_20240525_165709,IMG_20240525_165709,1,datastream_1\samples\left\IMG_20240525_165709,0, 
IMG_20240525_165711,IMG_20240525_165711,1,datastream_1\samples\left\IMG_20240525_165711,0, 
IMG_20240525_165715,IMG_20240525_165715,1,datastream_1\samples\left\IMG_20240525_165715,0, 
IMG_20240525_165717,IMG_20240525_165717,1,datastream_1\samples\left\IMG_20240525_165717,0, 
IMG_20240525_165816,IMG_20240525_165816,1,datastream_1\samples\left\IMG_20240525_165816,0, 
IMG_20240525_165820,IMG_20240525_165820,1,datastream_1\samples\left\IMG_20240525_165820,0, 
IMG_20240525_165824,IMG_20240525_165824,1,datastream_1\samples\left\IMG_20240525_165824,0, 
IMG_20240525_165829,IMG_20240525_165829,1,datastream_1\samples\left\IMG_20240525_165829,0, 
IMG_20240525_165833,IMG_20240525_165833,1,datastream_1\samples\left\IMG_20240525_165833,0, 
IMG_20240525_170824,IMG_20240525_170824,1,datastream_1\samples\left\IMG_20240525_170824,0, 
IMG_20240525_170829,IMG_20240525_170829,1,datastream_1\samples\left\IMG_20240525_170829,0, 
IMG_20240525_170833,IMG_20240525_170833,1,datastream_1\samples\left\IMG_20240525_170833,0, 
IMG_20240525_170835,IMG_20240525_170835,1,datastream_1\samples\left\IMG_20240525_170835,0, 
IMG_20240525_170837,IMG_20240525_170837,1,datastream_1\samples\left\IMG_20240525_170837,0, 
IMG_20240525_171742,IMG_20240525_171742,1,datastream_1\samples\left\IMG_20240525_171742,0, 
IMG_20240525_171743,IMG_20240525_171743,1,datastream_1\samples\left\IMG_20240525_171743,0, 
IMG_20240525_171749,IMG_20240525_171749,1,datastream_1\samples\left\IMG_20240525_171749,0, 
IMG_20240525_171752,IMG_20240525_171752,1,datastream_1\samples\left\IMG_20240525_171752,0, 
IMG_20240525_171754,IMG_20240525_171754,1,datastream_1\samples\left\IMG_20240525_171754,0, 
IMG_20240601_010227,IMG_20240601_010227,1,datastream_1\samples\left\IMG_20240601_010227,0, 
IMG_20240601_010231,IMG_20240601_010231,1,datastream_1\samples\left\IMG_20240601_010231,0, 
IMG_20240601_010237,IMG_20240601_010237,1,datastream_1\samples\left\IMG_20240601_010237,0, 
IMG_20240601_010239,IMG_20240601_010239,1,datastream_1\samples\left\IMG_20240601_010239,0, 
IMG_20240601_010244,IMG_20240601_010244,1,datastream_1\samples\left\IMG_20240601_010244,0, 
,,,,, 
,,,,, 
,,,,, 
,,,,, 
,,,,, 
,,,,, 
,,,,, 
,,,,, 
,,,,, 
,,,,, 
,,,,, 
,,,,, 
,,,,, 
,,,,, 
,,,,, 
,,,,, 
,,,,, 
,,,,, 
,,,,, 
,,,,, 
,,,,, 
,,,,, 
,,,,, 
,,,,, 
,,,,, 
,,,,, 
,,,,, 
,,,,, 
,,,,, 
,,,,, 
IMG_20240601_010334,IMG_20240601_010334,1,datastream_1\samples\left\IMG_20240601_010334,0, 
IMG_20240601_010321,IMG_20240601_010321,1,datastream_1\samples\left\IMG_20240601_010321,0, 
IMG_20240601_010327,IMG_20240601_010327,1,datastream_1\samples\left\IMG_20240601_010327,0, 
IMG_20240601_010339,IMG_20240601_010339,1,datastream_1\samples\left\IMG_20240601_010339,0, 
IMG_20240601_010344,IMG_20240601_010344,1,datastream_1\samples\left\IMG_20240601_010344,0, 
IMG_20240601_010356,IMG_20240601_010356,1,datastream_1\samples\left\IMG_20240601_010356,0, 
IMG_20240601_010400,IMG_20240601_010400,1,datastream_1\samples\left\IMG_20240601_010400,0, 
IMG_20240601_010404,IMG_20240601_010404,1,datastream_1\samples\left\IMG_20240601_010404,0, 
IMG_20240601_010408,IMG_20240601_010408,1,datastream_1\samples\left\IMG_20240601_010408,0, 
IMG_20240601_010411,IMG_20240601_010411,1,datastream_1\samples\left\IMG_20240601_010411,0, 
IMG_20240601_010424,IMG_20240601_010424,1,datastream_1\samples\left\IMG_20240601_010424,0, 
IMG_20240601_010433,IMG_20240601_010433,1,datastream_1\samples\left\IMG_20240601_010433,0, 
IMG_20240601_010440,IMG_20240601_010440,1,datastream_1\samples\left\IMG_20240601_010440,0, 
IMG_20240601_010445,IMG_20240601_010445,1,datastream_1\samples\left\IMG_20240601_010445,0, 
IMG_20240601_010450,IMG_20240601_010450,1,datastream_1\samples\left\IMG_20240601_010450,0, 
IMG_20240601_010519,IMG_20240601_010519,1,datastream_1\samples\left\IMG_20240601_010519,0, 
IMG_20240601_010526,IMG_20240601_010526,1,datastream_1\samples\left\IMG_20240601_010526,0, 
IMG_20240601_010544,IMG_20240601_010544,1,datastream_1\samples\left\IMG_20240601_010544,0, 
IMG_20240601_010557,IMG_20240601_010557,1,datastream_1\samples\left\IMG_20240601_010557,0, 
IMG_20240601_010603,IMG_20240601_010603,1,datastream_1\samples\left\IMG_20240601_010603,0, 
IMG_20240601_010636,IMG_20240601_010636,1,datastream_1\samples\left\IMG_20240601_010636,0, 
IMG_20240601_010643,IMG_20240601_010643,1,datastream_1\samples\left\IMG_20240601_010643,0, 
IMG_20240601_010650,IMG_20240601_010650,1,datastream_1\samples\left\IMG_20240601_010650,0, 
IMG_20240601_010651,IMG_20240601_010651,1,datastream_1\samples\left\IMG_20240601_010651,0, 
IMG_20240601_010656,IMG_20240601_010656,1,datastream_1\samples\left\IMG_20240601_010656,0, 
IMG_20240601_010713,IMG_20240601_010713,1,datastream_1\samples\left\IMG_20240601_010713,0, 
IMG_20240601_010717,IMG_20240601_010717,1,datastream_1\samples\left\IMG_20240601_010717,0, 
IMG_20240601_010720,IMG_20240601_010720,1,datastream_1\samples\left\IMG_20240601_010720,0, 
IMG_20240601_010724,IMG_20240601_010724,1,datastream_1\samples\left\IMG_20240601_010724,0, 
IMG_20240601_010727,IMG_20240601_010727,1,datastream_1\samples\left\IMG_20240601_010727,0, 
IMG_20240601_010741,IMG_20240601_010741,1,datastream_1\samples\left\IMG_20240601_010741,0, 
IMG_20240601_010747,IMG_20240601_010747,1,datastream_1\samples\left\IMG_20240601_010747,0, 
IMG_20240601_010758,IMG_20240601_010758,1,datastream_1\samples\left\IMG_20240601_010758,0, 
IMG_20240601_010807,IMG_20240601_010807,1,datastream_1\samples\left\IMG_20240601_010807,0, 
IMG_20240601_010812,IMG_20240601_010812,1,datastream_1\samples\left\IMG_20240601_010812,0, 
IMG_20240601_010849,IMG_20240601_010849,1,datastream_1\samples\left\IMG_20240601_010849,0, 
IMG_20240601_010855,IMG_20240601_010855,1,datastream_1\samples\left\IMG_20240601_010855,0, 
IMG_20240601_010903,IMG_20240601_010903,1,datastream_1\samples\left\IMG_20240601_010903,0, 
IMG_20240601_010915,IMG_20240601_010915,1,datastream_1\samples\left\IMG_20240601_010915,0, 
IMG_20240601_010925,IMG_20240601_010925,1,datastream_1\samples\left\IMG_20240601_010925,0, 
IMG_20240607_125115_1,IMG_20240607_125115_1,1,datastream_1\samples\left\IMG_20240607_125115_1,0, 
IMG_20240607_125119,IMG_20240607_125119,1,datastream_1\samples\left\IMG_20240607_125119,0, 
IMG_20240607_125125,IMG_20240607_125125,1,datastream_1\samples\left\IMG_20240607_125125,0, 
IMG_20240607_125129,IMG_20240607_125129,1,datastream_1\samples\left\IMG_20240607_125129,0, 
IMG_20240607_125133,IMG_20240607_125133,1,datastream_1\samples\left\IMG_20240607_125133,0, 
IMG_20240612_102154,IMG_20240612_102154,1,datastream_1\samples\left\IMG_20240612_102154,0, 
IMG_20240612_102156,IMG_20240612_102156,1,datastream_1\samples\left\IMG_20240612_102156,0, 
IMG_20240612_102157,IMG_20240612_102157,1,datastream_1\samples\left\IMG_20240612_102157,0, 
IMG_20240612_102159,IMG_20240612_102159,1,datastream_1\samples\left\IMG_20240612_102159,0, 
IMG_20240612_102201,IMG_20240612_102201,1,datastream_1\samples\left\IMG_20240612_102201,0, 
IMG_20240612_102209,IMG_20240612_102209,1,datastream_1\samples\left\IMG_20240612_102209,0, 
IMG_20240612_102211,IMG_20240612_102211,1,datastream_1\samples\left\IMG_20240612_102211,0, 
IMG_20240612_102213,IMG_20240612_102213,1,datastream_1\samples\left\IMG_20240612_102213,0, 
IMG_20240612_102214,IMG_20240612_102214,1,datastream_1\samples\left\IMG_20240612_102214,0, 
IMG_20240612_102216,IMG_20240612_102216,1,datastream_1\samples\left\IMG_20240612_102216,0, 
IMG_20240612_102931,IMG_20240612_102931,1,datastream_1\samples\left\IMG_20240612_102931,0, 
IMG_20240612_102934,IMG_20240612_102934,1,datastream_1\samples\left\IMG_20240612_102934,0, 
IMG_20240612_102936,IMG_20240612_102936,1,datastream_1\samples\left\IMG_20240612_102936,0, 
IMG_20240612_102939,IMG_20240612_102939,1,datastream_1\samples\left\IMG_20240612_102939,0, 
IMG_20240612_102942,IMG_20240612_102942,1,datastream_1\samples\left\IMG_20240612_102942,0, 
IMG_20240612_102954,IMG_20240612_102954,1,datastream_1\samples\left\IMG_20240612_102954,0, 
IMG_20240612_102957,IMG_20240612_102957,1,datastream_1\samples\left\IMG_20240612_102957,0, 
IMG_20240612_103000,IMG_20240612_103000,1,datastream_1\samples\left\IMG_20240612_103000,0, 
IMG_20240612_103002,IMG_20240612_103002,1,datastream_1\samples\left\IMG_20240612_103002,0, 
IMG_20240612_103006,IMG_20240612_103006,1,datastream_1\samples\left\IMG_20240612_103006,0, 
IMG_20240612_103155,IMG_20240612_103155,1,datastream_1\samples\left\IMG_20240612_103155,0, 
IMG_20240612_103206,IMG_20240612_103206,1,datastream_1\samples\left\IMG_20240612_103206,0, 
IMG_20240612_103209,IMG_20240612_103209,1,datastream_1\samples\left\IMG_20240612_103209,0, 
IMG_20240612_103212,IMG_20240612_103212,1,datastream_1\samples\left\IMG_20240612_103212,0, 
IMG_20240612_103215,IMG_20240612_103215,1,datastream_1\samples\left\IMG_20240612_103215,0, 
IMG_20240612_103242,IMG_20240612_103242,1,datastream_1\samples\left\IMG_20240612_103242,0, 
IMG_20240612_103244,IMG_20240612_103244,1,datastream_1\samples\left\IMG_20240612_103244,0, 
IMG_20240612_103247,IMG_20240612_103247,1,datastream_1\samples\left\IMG_20240612_103247,0, 
IMG_20240612_103250,IMG_20240612_103250,1,datastream_1\samples\left\IMG_20240612_103250,0, 
IMG_20240612_103254,IMG_20240612_103254,1,datastream_1\samples\left\IMG_20240612_103254,0, 
IMG_20240612_110544,IMG_20240612_110544,1,datastream_1\samples\left\IMG_20240612_110544,0, 
IMG_20240612_110547,IMG_20240612_110547,1,datastream_1\samples\left\IMG_20240612_110547,0, 
IMG_20240612_110550,IMG_20240612_110550,1,datastream_1\samples\left\IMG_20240612_110550,0, 
IMG_20240612_110554,IMG_20240612_110554,1,datastream_1\samples\left\IMG_20240612_110554,0, 
IMG_20240612_110557,IMG_20240612_110557,1,datastream_1\samples\left\IMG_20240612_110557,0, 
IMG_20240612_111913,IMG_20240612_111913,1,datastream_1\samples\left\IMG_20240612_111913,0, 
IMG_20240612_111916,IMG_20240612_111916,1,datastream_1\samples\left\IMG_20240612_111916,0, 
IMG_20240612_111918,IMG_20240612_111918,1,datastream_1\samples\left\IMG_20240612_111918,0, 
IMG_20240612_111920,IMG_20240612_111920,1,datastream_1\samples\left\IMG_20240612_111920,0, 
IMG_20240612_111921,IMG_20240612_111921,1,datastream_1\samples\left\IMG_20240612_111921,0, 
IMG_20240612_111950,IMG_20240612_111950,1,datastream_1\samples\left\IMG_20240612_111950,0, 
IMG_20240612_111951,IMG_20240612_111951,1,datastream_1\samples\left\IMG_20240612_111951,0, 
IMG_20240612_111953,IMG_20240612_111953,1,datastream_1\samples\left\IMG_20240612_111953,0, 
IMG_20240612_111954,IMG_20240612_111954,1,datastream_1\samples\left\IMG_20240612_111954,0, 
IMG_20240612_111955,IMG_20240612_111955,1,datastream_1\samples\left\IMG_20240612_111955,0, 
IMG_20240612_111957,IMG_20240612_111957,1,datastream_1\samples\left\IMG_20240612_111957,0, 
IMG_20240612_111957_1,IMG_20240612_111957_1,1,datastream_1\samples\left\IMG_20240612_111957_1,0, 
IMG_20240612_112005,IMG_20240612_112005,1,datastream_1\samples\left\IMG_20240612_112005,0, 
IMG_20240612_112006,IMG_20240612_112006,1,datastream_1\samples\left\IMG_20240612_112006,0, 
IMG_20240612_112007,IMG_20240612_112007,1,datastream_1\samples\left\IMG_20240612_112007,0, 
IMG_20240612_112009,IMG_20240612_112009,1,datastream_1\samples\left\IMG_20240612_112009,0, 
IMG_20240612_112010,IMG_20240612_112010,1,datastream_1\samples\left\IMG_20240612_112010,0, 
IMG_20240612_112012,IMG_20240612_112012,1,datastream_1\samples\left\IMG_20240612_112012,0, 
IMG_20240612_112013,IMG_20240612_112013,1,datastream_1\samples\left\IMG_20240612_112013,0, 
IMG_20240612_112017,IMG_20240612_112017,1,datastream_1\samples\left\IMG_20240612_112017,0, 
IMG_20240612_112018,IMG_20240612_112018,1,datastream_1\samples\left\IMG_20240612_112018,0, 
IMG_20240612_112020,IMG_20240612_112020,1,datastream_1\samples\left\IMG_20240612_112020,0, 
IMG_20240612_112023,IMG_20240612_112023,1,datastream_1\samples\left\IMG_20240612_112023,0, 
IMG_20240612_112025,IMG_20240612_112025,1,datastream_1\samples\left\IMG_20240612_112025,0, 
IMG_20240612_112028,IMG_20240612_112028,1,datastream_1\samples\left\IMG_20240612_112028,0, 
IMG_20240612_112036,IMG_20240612_112036,1,datastream_1\samples\left\IMG_20240612_112036,0, 
IMG_20240612_112039,IMG_20240612_112039,1,datastream_1\samples\left\IMG_20240612_112039,0, 
IMG_20240612_112040,IMG_20240612_112040,1,datastream_1\samples\left\IMG_20240612_112040,0, 
IMG_20240612_112042,IMG_20240612_112042,1,datastream_1\samples\left\IMG_20240612_112042,0, 
IMG_20240612_112047,IMG_20240612_112047,1,datastream_1\samples\left\IMG_20240612_112047,0, 
IMG_20240612_112058,IMG_20240612_112058,1,datastream_1\samples\left\IMG_20240612_112058,0, 
IMG_20240612_112100,IMG_20240612_112100,1,datastream_1\samples\left\IMG_20240612_112100,0, 
IMG_20240612_112106,IMG_20240612_112106,1,datastream_1\samples\left\IMG_20240612_112106,0, 
IMG_20240612_112111,IMG_20240612_112111,1,datastream_1\samples\left\IMG_20240612_112111,0, 
IMG_20240612_112113,IMG_20240612_112113,1,datastream_1\samples\left\IMG_20240612_112113,0, 
IMG_20240612_112143,IMG_20240612_112143,1,datastream_1\samples\left\IMG_20240612_112143,0, 
IMG_20240612_112146,IMG_20240612_112146,1,datastream_1\samples\left\IMG_20240612_112146,0, 
IMG_20240612_112150,IMG_20240612_112150,1,datastream_1\samples\left\IMG_20240612_112150,0, 
IMG_20240612_112158,IMG_20240612_112158,1,datastream_1\samples\left\IMG_20240612_112158,0, 
IMG_20240612_112202,IMG_20240612_112202,1,datastream_1\samples\left\IMG_20240612_112202,0, 
IMG_20240612_112215,IMG_20240612_112215,1,datastream_1\samples\left\IMG_20240612_112215,0, 
IMG_20240612_112220,IMG_20240612_112220,1,datastream_1\samples\left\IMG_20240612_112220,0, 
IMG_20240612_112222,IMG_20240612_112222,1,datastream_1\samples\left\IMG_20240612_112222,0, 
IMG_20240612_112222_1,IMG_20240612_112222_1,1,datastream_1\samples\left\IMG_20240612_112222_1,0, 
IMG_20240612_112224,IMG_20240612_112224,1,datastream_1\samples\left\IMG_20240612_112224,0, 
IMG_20240612_112244,IMG_20240612_112244,1,datastream_1\samples\left\IMG_20240612_112244,0, 
IMG_20240612_112247,IMG_20240612_112247,1,datastream_1\samples\left\IMG_20240612_112247,0, 
IMG_20240612_112250,IMG_20240612_112250,1,datastream_1\samples\left\IMG_20240612_112250,0, 
IMG_20240612_112252,IMG_20240612_112252,1,datastream_1\samples\left\IMG_20240612_112252,0, 
IMG_20240612_112254,IMG_20240612_112254,1,datastream_1\samples\left\IMG_20240612_112254,0, 
IMG_20240612_112329,IMG_20240612_112329,1,datastream_1\samples\left\IMG_20240612_112329,0, 
IMG_20240612_112332,IMG_20240612_112332,1,datastream_1\samples\left\IMG_20240612_112332,0, 
IMG_20240612_112334,IMG_20240612_112334,1,datastream_1\samples\left\IMG_20240612_112334,0, 
IMG_20240612_112338,IMG_20240612_112338,1,datastream_1\samples\left\IMG_20240612_112338,0, 
IMG_20240612_112340,IMG_20240612_112340,1,datastream_1\samples\left\IMG_20240612_112340,0, 
IMG_20240612_112350,IMG_20240612_112350,1,datastream_1\samples\left\IMG_20240612_112350,0, 
IMG_20240612_112402,IMG_20240612_112402,1,datastream_1\samples\left\IMG_20240612_112402,0, 
IMG_20240612_112407,IMG_20240612_112407,1,datastream_1\samples\left\IMG_20240612_112407,0, 
IMG_20240612_112411,IMG_20240612_112411,1,datastream_1\samples\left\IMG_20240612_112411,0, 
IMG_20240612_112415,IMG_20240612_112415,1,datastream_1\samples\left\IMG_20240612_112415,0, 
IMG_20240612_112426,IMG_20240612_112426,1,datastream_1\samples\left\IMG_20240612_112426,0, 
IMG_20240612_112429,IMG_20240612_112429,1,datastream_1\samples\left\IMG_20240612_112429,0, 
IMG_20240612_112432,IMG_20240612_112432,1,datastream_1\samples\left\IMG_20240612_112432,0, 
IMG_20240612_112435,IMG_20240612_112435,1,datastream_1\samples\left\IMG_20240612_112435,0, 
IMG_20240612_112437,IMG_20240612_112437,1,datastream_1\samples\left\IMG_20240612_112437,0, 
IMG_20240612_112504,IMG_20240612_112504,1,datastream_1\samples\left\IMG_20240612_112504,0, 
IMG_20240612_112510,IMG_20240612_112510,1,datastream_1\samples\left\IMG_20240612_112510,0, 
IMG_20240612_112515,IMG_20240612_112515,1,datastream_1\samples\left\IMG_20240612_112515,0, 
IMG_20240612_112520,IMG_20240612_112520,1,datastream_1\samples\left\IMG_20240612_112520,0, 
IMG_20240612_112535,IMG_20240612_112535,1,datastream_1\samples\left\IMG_20240612_112535,0, 
IMG_20240612_112607,IMG_20240612_112607,1,datastream_1\samples\left\IMG_20240612_112607,0, 
IMG_20240612_112609,IMG_20240612_112609,1,datastream_1\samples\left\IMG_20240612_112609,0, 
IMG_20240612_112612,IMG_20240612_112612,1,datastream_1\samples\left\IMG_20240612_112612,0, 
IMG_20240612_112613,IMG_20240612_112613,1,datastream_1\samples\left\IMG_20240612_112613,0, 
IMG_20240612_112615,IMG_20240612_112615,1,datastream_1\samples\left\IMG_20240612_112615,0, 
IMG_20240612_112631,IMG_20240612_112631,1,datastream_1\samples\left\IMG_20240612_112631,0, 
IMG_20240612_112633,IMG_20240612_112633,1,datastream_1\samples\left\IMG_20240612_112633,0, 
IMG_20240612_112635,IMG_20240612_112635,1,datastream_1\samples\left\IMG_20240612_112635,0, 
IMG_20240612_112637,IMG_20240612_112637,1,datastream_1\samples\left\IMG_20240612_112637,0, 
IMG_20240612_112640,IMG_20240612_112640,1,datastream_1\samples\left\IMG_20240612_112640,0, 
IMG_20240612_112655,IMG_20240612_112655,1,datastream_1\samples\left\IMG_20240612_112655,0, 
IMG_20240612_112657,IMG_20240612_112657,1,datastream_1\samples\left\IMG_20240612_112657,0, 
IMG_20240612_112700,IMG_20240612_112700,1,datastream_1\samples\left\IMG_20240612_112700,0, 
IMG_20240612_112702,IMG_20240612_112702,1,datastream_1\samples\left\IMG_20240612_112702,0, 
IMG_20240612_112703,IMG_20240612_112703,1,datastream_1\samples\left\IMG_20240612_112703,0, 
IMG_20240612_112711,IMG_20240612_112711,1,datastream_1\samples\left\IMG_20240612_112711,0, 
IMG_20240612_112713,IMG_20240612_112713,1,datastream_1\samples\left\IMG_20240612_112713,0, 
IMG_20240612_112715,IMG_20240612_112715,1,datastream_1\samples\left\IMG_20240612_112715,0, 
IMG_20240612_112718,IMG_20240612_112718,1,datastream_1\samples\left\IMG_20240612_112718,0, 
IMG_20240612_112721,IMG_20240612_112721,1,datastream_1\samples\left\IMG_20240612_112721,0, 
IMG_20240612_112758,IMG_20240612_112758,1,datastream_1\samples\left\IMG_20240612_112758,0, 
IMG_20240612_112801,IMG_20240612_112801,1,datastream_1\samples\left\IMG_20240612_112801,0, 
IMG_20240612_112804,IMG_20240612_112804,1,datastream_1\samples\left\IMG_20240612_112804,0, 
IMG_20240612_112807,IMG_20240612_112807,1,datastream_1\samples\left\IMG_20240612_112807,0, 
IMG_20240612_112810,IMG_20240612_112810,1,datastream_1\samples\left\IMG_20240612_112810,0, 
IMG_20240612_112825,IMG_20240612_112825,1,datastream_1\samples\left\IMG_20240612_112825,0, 
IMG_20240612_112827,IMG_20240612_112827,1,datastream_1\samples\left\IMG_20240612_112827,0, 
IMG_20240612_112830,IMG_20240612_112830,1,datastream_1\samples\left\IMG_20240612_112830,0, 
IMG_20240612_112832,IMG_20240612_112832,1,datastream_1\samples\left\IMG_20240612_112832,0, 
IMG_20240612_112835,IMG_20240612_112835,1,datastream_1\samples\left\IMG_20240612_112835,0, 
IMG_20240612_112842,IMG_20240612_112842,1,datastream_1\samples\left\IMG_20240612_112842,0, 
IMG_20240612_112844,IMG_20240612_112844,1,datastream_1\samples\left\IMG_20240612_112844,0, 
IMG_20240612_112846,IMG_20240612_112846,1,datastream_1\samples\left\IMG_20240612_112846,0, 
IMG_20240612_112848,IMG_20240612_112848,1,datastream_1\samples\left\IMG_20240612_112848,0, 
IMG_20240612_112850,IMG_20240612_112850,1,datastream_1\samples\left\IMG_20240612_112850,0, 
IMG_20240612_112856,IMG_20240612_112856,1,datastream_1\samples\left\IMG_20240612_112856,0, 
IMG_20240612_112858,IMG_20240612_112858,1,datastream_1\samples\left\IMG_20240612_112858,0, 
IMG_20240612_112902,IMG_20240612_112902,1,datastream_1\samples\left\IMG_20240612_112902,0, 
IMG_20240612_112905,IMG_20240612_112905,1,datastream_1\samples\left\IMG_20240612_112905,0, 
IMG_20240612_112907,IMG_20240612_112907,1,datastream_1\samples\left\IMG_20240612_112907,0, 
IMG_20240612_112915,IMG_20240612_112915,1,datastream_1\samples\left\IMG_20240612_112915,0, 
IMG_20240612_112919,IMG_20240612_112919,1,datastream_1\samples\left\IMG_20240612_112919,0, 
IMG_20240612_112925,IMG_20240612_112925,1,datastream_1\samples\left\IMG_20240612_112925,0, 
IMG_20240612_112929,IMG_20240612_112929,1,datastream_1\samples\left\IMG_20240612_112929,0, 
IMG_20240612_112932,IMG_20240612_112932,1,datastream_1\samples\left\IMG_20240612_112932,0, 
IMG_20240612_112940,IMG_20240612_112940,1,datastream_1\samples\left\IMG_20240612_112940,0, 
IMG_20240612_112942,IMG_20240612_112942,1,datastream_1\samples\left\IMG_20240612_112942,0, 
IMG_20240612_112944,IMG_20240612_112944,1,datastream_1\samples\left\IMG_20240612_112944,0, 
IMG_20240612_112946,IMG_20240612_112946,1,datastream_1\samples\left\IMG_20240612_112946,0, 
IMG_20240612_112948,IMG_20240612_112948,1,datastream_1\samples\left\IMG_20240612_112948,0, 
IMG_20240612_113007,IMG_20240612_113007,1,datastream_1\samples\left\IMG_20240612_113007,0, 
IMG_20240612_113009,IMG_20240612_113009,1,datastream_1\samples\left\IMG_20240612_113009,0, 
IMG_20240612_113012,IMG_20240612_113012,1,datastream_1\samples\left\IMG_20240612_113012,0, 
IMG_20240612_113013,IMG_20240612_113013,1,datastream_1\samples\left\IMG_20240612_113013,0, 
IMG_20240612_113015,IMG_20240612_113015,1,datastream_1\samples\left\IMG_20240612_113015,0, 
IMG_20240612_113025,IMG_20240612_113025,1,datastream_1\samples\left\IMG_20240612_113025,0, 
IMG_20240612_113028,IMG_20240612_113028,1,datastream_1\samples\left\IMG_20240612_113028,0, 
IMG_20240612_113031,IMG_20240612_113031,1,datastream_1\samples\left\IMG_20240612_113031,0, 
IMG_20240612_113034,IMG_20240612_113034,1,datastream_1\samples\left\IMG_20240612_113034,0, 
IMG_20240612_113036,IMG_20240612_113036,1,datastream_1\samples\left\IMG_20240612_113036,0, 
IMG_20240612_113044,IMG_20240612_113044,1,datastream_1\samples\left\IMG_20240612_113044,0, 
IMG_20240612_113047,IMG_20240612_113047,1,datastream_1\samples\left\IMG_20240612_113047,0, 
IMG_20240612_113049,IMG_20240612_113049,1,datastream_1\samples\left\IMG_20240612_113049,0, 
IMG_20240612_113052,IMG_20240612_113052,1,datastream_1\samples\left\IMG_20240612_113052,0, 
IMG_20240612_113055,IMG_20240612_113055,1,datastream_1\samples\left\IMG_20240612_113055,0, 
IMG_20240612_113104,IMG_20240612_113104,1,datastream_1\samples\left\IMG_20240612_113104,0, 
IMG_20240612_113106,IMG_20240612_113106,1,datastream_1\samples\left\IMG_20240612_113106,0, 
IMG_20240612_113108,IMG_20240612_113108,1,datastream_1\samples\left\IMG_20240612_113108,0, 
IMG_20240612_113110,IMG_20240612_113110,1,datastream_1\samples\left\IMG_20240612_113110,0, 
IMG_20240612_113112,IMG_20240612_113112,1,datastream_1\samples\left\IMG_20240612_113112,0, 
IMG_20240612_113118,IMG_20240612_113118,1,datastream_1\samples\left\IMG_20240612_113118,0, 
IMG_20240612_113120,IMG_20240612_113120,1,datastream_1\samples\left\IMG_20240612_113120,0, 
IMG_20240612_113122,IMG_20240612_113122,1,datastream_1\samples\left\IMG_20240612_113122,0, 
IMG_20240612_113124,IMG_20240612_113124,1,datastream_1\samples\left\IMG_20240612_113124,0, 
IMG_20240612_113126,IMG_20240612_113126,1,datastream_1\samples\left\IMG_20240612_113126,0, 
IMG_20240612_113138,IMG_20240612_113138,1,datastream_1\samples\left\IMG_20240612_113138,0, 
IMG_20240612_113141,IMG_20240612_113141,1,datastream_1\samples\left\IMG_20240612_113141,0, 
IMG_20240612_113145,IMG_20240612_113145,1,datastream_1\samples\left\IMG_20240612_113145,0, 
IMG_20240612_113146,IMG_20240612_113146,1,datastream_1\samples\left\IMG_20240612_113146,0, 
IMG_20240612_113148,IMG_20240612_113148,1,datastream_1\samples\left\IMG_20240612_113148,0, 
IMG_20240612_113241,IMG_20240612_113241,1,datastream_1\samples\left\IMG_20240612_113241,0, 
IMG_20240612_113243,IMG_20240612_113243,1,datastream_1\samples\left\IMG_20240612_113243,0, 
IMG_20240612_113245,IMG_20240612_113245,1,datastream_1\samples\left\IMG_20240612_113245,0, 
IMG_20240612_113248,IMG_20240612_113248,1,datastream_1\samples\left\IMG_20240612_113248,0, 
IMG_20240612_113254,IMG_20240612_113254,1,datastream_1\samples\left\IMG_20240612_113254,0, 
IMG_20240612_113317,IMG_20240612_113317,1,datastream_1\samples\left\IMG_20240612_113317,0, 
IMG_20240612_113319,IMG_20240612_113319,1,datastream_1\samples\left\IMG_20240612_113319,0, 
IMG_20240612_113320,IMG_20240612_113320,1,datastream_1\samples\left\IMG_20240612_113320,0, 
IMG_20240612_113322,IMG_20240612_113322,1,datastream_1\samples\left\IMG_20240612_113322,0, 
IMG_20240612_113324,IMG_20240612_113324,1,datastream_1\samples\left\IMG_20240612_113324,0, 
IMG_20240612_113359,IMG_20240612_113359,1,datastream_1\samples\left\IMG_20240612_113359,0, 
IMG_20240612_113405,IMG_20240612_113405,1,datastream_1\samples\left\IMG_20240612_113405,0, 
IMG_20240612_113409,IMG_20240612_113409,1,datastream_1\samples\left\IMG_20240612_113409,0, 
IMG_20240612_113413,IMG_20240612_113413,1,datastream_1\samples\left\IMG_20240612_113413,0, 
IMG_20240612_113421,IMG_20240612_113421,1,datastream_1\samples\left\IMG_20240612_113421,0, 
IMG_20240612_113439,IMG_20240612_113439,1,datastream_1\samples\left\IMG_20240612_113439,0, 
IMG_20240612_113445,IMG_20240612_113445,1,datastream_1\samples\left\IMG_20240612_113445,0, 
IMG_20240612_113449,IMG_20240612_113449,1,datastream_1\samples\left\IMG_20240612_113449,0, 
IMG_20240612_113453,IMG_20240612_113453,1,datastream_1\samples\left\IMG_20240612_113453,0, 
IMG_20240612_113457,IMG_20240612_113457,1,datastream_1\samples\left\IMG_20240612_113457,0, 
IMG_20240612_113640,IMG_20240612_113640,1,datastream_1\samples\left\IMG_20240612_113640,0, 
IMG_20240612_113642,IMG_20240612_113642,1,datastream_1\samples\left\IMG_20240612_113642,0, 
IMG_20240612_113644,IMG_20240612_113644,1,datastream_1\samples\left\IMG_20240612_113644,0, 
IMG_20240612_113646,IMG_20240612_113646,1,datastream_1\samples\left\IMG_20240612_113646,0, 
IMG_20240612_113648,IMG_20240612_113648,1,datastream_1\samples\left\IMG_20240612_113648,0, 
IMG_20240612_113748,IMG_20240612_113748,1,datastream_1\samples\left\IMG_20240612_113748,0, 
IMG_20240612_113750,IMG_20240612_113750,1,datastream_1\samples\left\IMG_20240612_113750,0, 
IMG_20240612_113753,IMG_20240612_113753,1,datastream_1\samples\left\IMG_20240612_113753,0, 
IMG_20240612_113755,IMG_20240612_113755,1,datastream_1\samples\left\IMG_20240612_113755,0, 
IMG_20240612_113758,IMG_20240612_113758,1,datastream_1\samples\left\IMG_20240612_113758,0, 
IMG_20240612_113802,IMG_20240612_113802,1,datastream_1\samples\left\IMG_20240612_113802,0, 
IMG_20240612_113805,IMG_20240612_113805,1,datastream_1\samples\left\IMG_20240612_113805,0, 
IMG_20240612_113808,IMG_20240612_113808,1,datastream_1\samples\left\IMG_20240612_113808,0, 
IMG_20240612_113811,IMG_20240612_113811,1,datastream_1\samples\left\IMG_20240612_113811,0, 
IMG_20240612_113813,IMG_20240612_113813,1,datastream_1\samples\left\IMG_20240612_113813,0, 
IMG_20240612_113818,IMG_20240612_113818,1,datastream_1\samples\left\IMG_20240612_113818,0, 
IMG_20240612_113821,IMG_20240612_113821,1,datastream_1\samples\left\IMG_20240612_113821,0, 
IMG_20240612_113823,IMG_20240612_113823,1,datastream_1\samples\left\IMG_20240612_113823,0, 
IMG_20240612_113827,IMG_20240612_113827,1,datastream_1\samples\left\IMG_20240612_113827,0, 
IMG_20240612_113829,IMG_20240612_113829,1,datastream_1\samples\left\IMG_20240612_113829,0, 
IMG_20240612_113832,IMG_20240612_113832,1,datastream_1\samples\left\IMG_20240612_113832,0, 
IMG_20240612_113834,IMG_20240612_113834,1,datastream_1\samples\left\IMG_20240612_113834,0, 
IMG_20240612_113837,IMG_20240612_113837,1,datastream_1\samples\left\IMG_20240612_113837,0, 
IMG_20240612_113839,IMG_20240612_113839,1,datastream_1\samples\left\IMG_20240612_113839,0, 
IMG_20240612_113841,IMG_20240612_113841,1,datastream_1\samples\left\IMG_20240612_113841,0, 
IMG_20240612_113848,IMG_20240612_113848,1,datastream_1\samples\left\IMG_20240612_113848,0, 
IMG_20240612_113851,IMG_20240612_113851,1,datastream_1\samples\left\IMG_20240612_113851,0, 
IMG_20240612_113852,IMG_20240612_113852,1,datastream_1\samples\left\IMG_20240612_113852,0, 
IMG_20240612_113854,IMG_20240612_113854,1,datastream_1\samples\left\IMG_20240612_113854,0, 
IMG_20240612_113856,IMG_20240612_113856,1,datastream_1\samples\left\IMG_20240612_113856,0, 
IMG_20240612_113903,IMG_20240612_113903,1,datastream_1\samples\left\IMG_20240612_113903,0, 
IMG_20240612_113907,IMG_20240612_113907,1,datastream_1\samples\left\IMG_20240612_113907,0, 
IMG_20240612_113909,IMG_20240612_113909,1,datastream_1\samples\left\IMG_20240612_113909,0, 
IMG_20240612_113911,IMG_20240612_113911,1,datastream_1\samples\left\IMG_20240612_113911,0, 
IMG_20240612_113914,IMG_20240612_113914,1,datastream_1\samples\left\IMG_20240612_113914,0, 
IMG_20240612_113945,IMG_20240612_113945,1,datastream_1\samples\left\IMG_20240612_113945,0, 
IMG_20240612_113947,IMG_20240612_113947,1,datastream_1\samples\left\IMG_20240612_113947,0, 
IMG_20240612_113949,IMG_20240612_113949,1,datastream_1\samples\left\IMG_20240612_113949,0, 
IMG_20240612_113952,IMG_20240612_113952,1,datastream_1\samples\left\IMG_20240612_113952,0, 
IMG_20240612_113955,IMG_20240612_113955,1,datastream_1\samples\left\IMG_20240612_113955,0, 
IMG_20240612_114035,IMG_20240612_114035,1,datastream_1\samples\left\IMG_20240612_114035,0, 
IMG_20240612_114037,IMG_20240612_114037,1,datastream_1\samples\left\IMG_20240612_114037,0, 
IMG_20240612_114041,IMG_20240612_114041,1,datastream_1\samples\left\IMG_20240612_114041,0, 
IMG_20240612_114042,IMG_20240612_114042,1,datastream_1\samples\left\IMG_20240612_114042,0, 
IMG_20240612_114044,IMG_20240612_114044,1,datastream_1\samples\left\IMG_20240612_114044,0, 
IMG_20240612_114054,IMG_20240612_114054,1,datastream_1\samples\left\IMG_20240612_114054,0, 
IMG_20240612_114059,IMG_20240612_114059,1,datastream_1\samples\left\IMG_20240612_114059,0, 
IMG_20240612_114105,IMG_20240612_114105,1,datastream_1\samples\left\IMG_20240612_114105,0, 
IMG_20240612_114107,IMG_20240612_114107,1,datastream_1\samples\left\IMG_20240612_114107,0, 
IMG_20240612_114109,IMG_20240612_114109,1,datastream_1\samples\left\IMG_20240612_114109,0, 
IMG_20240612_114153,IMG_20240612_114153,1,datastream_1\samples\left\IMG_20240612_114153,0, 
IMG_20240612_114200,IMG_20240612_114200,1,datastream_1\samples\left\IMG_20240612_114200,0, 
IMG_20240612_114206,IMG_20240612_114206,1,datastream_1\samples\left\IMG_20240612_114206,0, 
IMG_20240612_114208,IMG_20240612_114208,1,datastream_1\samples\left\IMG_20240612_114208,0, 
IMG_20240612_114211,IMG_20240612_114211,1,datastream_1\samples\left\IMG_20240612_114211,0, 
IMG_20240612_114234,IMG_20240612_114234,1,datastream_1\samples\left\IMG_20240612_114234,0, 
IMG_20240612_114235,IMG_20240612_114235,1,datastream_1\samples\left\IMG_20240612_114235,0, 
IMG_20240612_114239,IMG_20240612_114239,1,datastream_1\samples\left\IMG_20240612_114239,0, 
IMG_20240612_114241,IMG_20240612_114241,1,datastream_1\samples\left\IMG_20240612_114241,0, 
IMG_20240612_114247,IMG_20240612_114247,1,datastream_1\samples\left\IMG_20240612_114247,0, 
IMG_20240612_114313,IMG_20240612_114313,1,datastream_1\samples\left\IMG_20240612_114313,0, 
IMG_20240612_114317,IMG_20240612_114317,1,datastream_1\samples\left\IMG_20240612_114317,0, 
IMG_20240612_114321,IMG_20240612_114321,1,datastream_1\samples\left\IMG_20240612_114321,0, 
IMG_20240612_114324,IMG_20240612_114324,1,datastream_1\samples\left\IMG_20240612_114324,0, 
IMG_20240612_114329,IMG_20240612_114329,1,datastream_1\samples\left\IMG_20240612_114329,0, 
IMG_20240612_114405,IMG_20240612_114405,1,datastream_1\samples\left\IMG_20240612_114405,0, 
IMG_20240612_114411,IMG_20240612_114411,1,datastream_1\samples\left\IMG_20240612_114411,0, 
IMG_20240612_114416,IMG_20240612_114416,1,datastream_1\samples\left\IMG_20240612_114416,0, 
IMG_20240612_114419,IMG_20240612_114419,1,datastream_1\samples\left\IMG_20240612_114419,0, 
IMG_20240612_114422,IMG_20240612_114422,1,datastream_1\samples\left\IMG_20240612_114422,0, 
IMG_20240612_114446,IMG_20240612_114446,1,datastream_1\samples\left\IMG_20240612_114446,0, 
IMG_20240612_114448,IMG_20240612_114448,1,datastream_1\samples\left\IMG_20240612_114448,0, 
IMG_20240612_114451,IMG_20240612_114451,1,datastream_1\samples\left\IMG_20240612_114451,0, 
IMG_20240612_114453,IMG_20240612_114453,1,datastream_1\samples\left\IMG_20240612_114453,0, 
IMG_20240612_114455,IMG_20240612_114455,1,datastream_1\samples\left\IMG_20240612_114455,0, 
IMG_20240612_114522,IMG_20240612_114522,1,datastream_1\samples\left\IMG_20240612_114522,0, 
IMG_20240612_114527,IMG_20240612_114527,1,datastream_1\samples\left\IMG_20240612_114527,0, 
IMG_20240612_114533,IMG_20240612_114533,1,datastream_1\samples\left\IMG_20240612_114533,0, 
IMG_20240612_114536,IMG_20240612_114536,1,datastream_1\samples\left\IMG_20240612_114536,0, 
IMG_20240612_114538,IMG_20240612_114538,1,datastream_1\samples\left\IMG_20240612_114538,0, 
IMG_20240612_114556,IMG_20240612_114556,1,datastream_1\samples\left\IMG_20240612_114556,0, 
IMG_20240612_114600,IMG_20240612_114600,1,datastream_1\samples\left\IMG_20240612_114600,0, 
IMG_20240612_114609,IMG_20240612_114609,1,datastream_1\samples\left\IMG_20240612_114609,0, 
IMG_20240612_114615,IMG_20240612_114615,1,datastream_1\samples\left\IMG_20240612_114615,0, 
IMG_20240612_114653,IMG_20240612_114653,1,datastream_1\samples\left\IMG_20240612_114653,0, 
IMG_20240612_114654,IMG_20240612_114654,1,datastream_1\samples\left\IMG_20240612_114654,0, 
IMG_20240612_114701,IMG_20240612_114701,1,datastream_1\samples\left\IMG_20240612_114701,0, 
IMG_20240612_114704,IMG_20240612_114704,1,datastream_1\samples\left\IMG_20240612_114704,0, 
IMG_20240612_114707,IMG_20240612_114707,1,datastream_1\samples\left\IMG_20240612_114707,0, 
IMG_20240612_114709,IMG_20240612_114709,1,datastream_1\samples\left\IMG_20240612_114709,0, 
IMG_20240612_114728,IMG_20240612_114728,1,datastream_1\samples\left\IMG_20240612_114728,0, 
IMG_20240612_114731,IMG_20240612_114731,1,datastream_1\samples\left\IMG_20240612_114731,0, 
IMG_20240612_114734,IMG_20240612_114734,1,datastream_1\samples\left\IMG_20240612_114734,0, 
IMG_20240612_114736,IMG_20240612_114736,1,datastream_1\samples\left\IMG_20240612_114736,0, 
IMG_20240612_114737,IMG_20240612_114737,1,datastream_1\samples\left\IMG_20240612_114737,0, 
IMG_20240612_114804,IMG_20240612_114804,1,datastream_1\samples\left\IMG_20240612_114804,0, 
IMG_20240612_114810,IMG_20240612_114810,1,datastream_1\samples\left\IMG_20240612_114810,0, 
IMG_20240612_114815,IMG_20240612_114815,1,datastream_1\samples\left\IMG_20240612_114815,0, 
IMG_20240612_114819,IMG_20240612_114819,1,datastream_1\samples\left\IMG_20240612_114819,0, 
IMG_20240612_114821,IMG_20240612_114821,1,datastream_1\samples\left\IMG_20240612_114821,0, 
IMG_20240612_114841,IMG_20240612_114841,1,datastream_1\samples\left\IMG_20240612_114841,0, 
IMG_20240612_114843,IMG_20240612_114843,1,datastream_1\samples\left\IMG_20240612_114843,0, 
IMG_20240612_114849,IMG_20240612_114849,1,datastream_1\samples\left\IMG_20240612_114849,0, 
IMG_20240612_114852,IMG_20240612_114852,1,datastream_1\samples\left\IMG_20240612_114852,0, 
IMG_20240612_114854,IMG_20240612_114854,1,datastream_1\samples\left\IMG_20240612_114854,0, 
IMG_20240612_114914,IMG_20240612_114914,1,datastream_1\samples\left\IMG_20240612_114914,0, 
IMG_20240612_114916,IMG_20240612_114916,1,datastream_1\samples\left\IMG_20240612_114916,0, 
IMG_20240612_114920,IMG_20240612_114920,1,datastream_1\samples\left\IMG_20240612_114920,0, 
IMG_20240612_114927,IMG_20240612_114927,1,datastream_1\samples\left\IMG_20240612_114927,0, 
IMG_20240612_114929,IMG_20240612_114929,1,datastream_1\samples\left\IMG_20240612_114929,0, 
IMG_20240612_114959,IMG_20240612_114959,1,datastream_1\samples\left\IMG_20240612_114959,0, 
IMG_20240612_115001,IMG_20240612_115001,1,datastream_1\samples\left\IMG_20240612_115001,0, 
IMG_20240612_115004,IMG_20240612_115004,1,datastream_1\samples\left\IMG_20240612_115004,0, 
IMG_20240612_115009,IMG_20240612_115009,1,datastream_1\samples\left\IMG_20240612_115009,0, 
IMG_20240612_115012,IMG_20240612_115012,1,datastream_1\samples\left\IMG_20240612_115012,0, 
IMG_20240612_115027,IMG_20240612_115027,1,datastream_1\samples\left\IMG_20240612_115027,0, 
IMG_20240612_115030,IMG_20240612_115030,1,datastream_1\samples\left\IMG_20240612_115030,0, 
IMG_20240612_115033,IMG_20240612_115033,1,datastream_1\samples\left\IMG_20240612_115033,0, 
IMG_20240612_115035,IMG_20240612_115035,1,datastream_1\samples\left\IMG_20240612_115035,0, 
IMG_20240612_115038,IMG_20240612_115038,1,datastream_1\samples\left\IMG_20240612_115038,0, 
IMG_20240612_115047,IMG_20240612_115047,1,datastream_1\samples\left\IMG_20240612_115047,0, 
IMG_20240612_115049,IMG_20240612_115049,1,datastream_1\samples\left\IMG_20240612_115049,0, 
IMG_20240612_115051,IMG_20240612_115051,1,datastream_1\samples\left\IMG_20240612_115051,0, 
IMG_20240612_115052,IMG_20240612_115052,1,datastream_1\samples\left\IMG_20240612_115052,0, 
IMG_20240612_115054,IMG_20240612_115054,1,datastream_1\samples\left\IMG_20240612_115054,0, 
IMG_20240612_115109,IMG_20240612_115109,1,datastream_1\samples\left\IMG_20240612_115109,0, 
IMG_20240612_115110,IMG_20240612_115110,1,datastream_1\samples\left\IMG_20240612_115110,0, 
IMG_20240612_115112,IMG_20240612_115112,1,datastream_1\samples\left\IMG_20240612_115112,0, 
IMG_20240612_115114,IMG_20240612_115114,1,datastream_1\samples\left\IMG_20240612_115114,0, 
IMG_20240612_115119,IMG_20240612_115119,1,datastream_1\samples\left\IMG_20240612_115119,0, 
IMG_20240612_115144,IMG_20240612_115144,1,datastream_1\samples\left\IMG_20240612_115144,0, 
IMG_20240612_115146,IMG_20240612_115146,1,datastream_1\samples\left\IMG_20240612_115146,0, 
IMG_20240612_115148,IMG_20240612_115148,1,datastream_1\samples\left\IMG_20240612_115148,0, 
IMG_20240612_115150,IMG_20240612_115150,1,datastream_1\samples\left\IMG_20240612_115150,0, 
IMG_20240612_115152,IMG_20240612_115152,1,datastream_1\samples\left\IMG_20240612_115152,0, 
IMG_20240612_115207,IMG_20240612_115207,1,datastream_1\samples\left\IMG_20240612_115207,0, 
IMG_20240612_115208,IMG_20240612_115208,1,datastream_1\samples\left\IMG_20240612_115208,0, 
IMG_20240612_115209,IMG_20240612_115209,1,datastream_1\samples\left\IMG_20240612_115209,0, 
IMG_20240612_115210,IMG_20240612_115210,1,datastream_1\samples\left\IMG_20240612_115210,0, 
IMG_20240612_115211,IMG_20240612_115211,1,datastream_1\samples\left\IMG_20240612_115211,0, 
IMG_20240612_115243,IMG_20240612_115243,1,datastream_1\samples\left\IMG_20240612_115243,0, 
IMG_20240612_115248,IMG_20240612_115248,1,datastream_1\samples\left\IMG_20240612_115248,0, 
IMG_20240612_115252,IMG_20240612_115252,1,datastream_1\samples\left\IMG_20240612_115252,0, 
IMG_20240612_115255,IMG_20240612_115255,1,datastream_1\samples\left\IMG_20240612_115255,0, 
IMG_20240612_115258,IMG_20240612_115258,1,datastream_1\samples\left\IMG_20240612_115258,0, 
IMG_20240612_115302,IMG_20240612_115302,1,datastream_1\samples\left\IMG_20240612_115302,0, 
IMG_20240612_115304,IMG_20240612_115304,1,datastream_1\samples\left\IMG_20240612_115304,0, 
IMG_20240612_115306,IMG_20240612_115306,1,datastream_1\samples\left\IMG_20240612_115306,0, 
IMG_20240612_115308,IMG_20240612_115308,1,datastream_1\samples\left\IMG_20240612_115308,0, 
IMG_20240612_115310,IMG_20240612_115310,1,datastream_1\samples\left\IMG_20240612_115310,0, 
IMG_20240612_115317,IMG_20240612_115317,1,datastream_1\samples\left\IMG_20240612_115317,0, 
IMG_20240612_115320,IMG_20240612_115320,1,datastream_1\samples\left\IMG_20240612_115320,0, 
IMG_20240612_115323,IMG_20240612_115323,1,datastream_1\samples\left\IMG_20240612_115323,0, 
IMG_20240612_115325,IMG_20240612_115325,1,datastream_1\samples\left\IMG_20240612_115325,0, 
IMG_20240612_115327,IMG_20240612_115327,1,datastream_1\samples\left\IMG_20240612_115327,0, 
IMG_20240612_115330,IMG_20240612_115330,1,datastream_1\samples\left\IMG_20240612_115330,0, 
IMG_20240612_115332,IMG_20240612_115332,1,datastream_1\samples\left\IMG_20240612_115332,0, 
IMG_20240612_115334,IMG_20240612_115334,1,datastream_1\samples\left\IMG_20240612_115334,0, 
IMG_20240612_115336,IMG_20240612_115336,1,datastream_1\samples\left\IMG_20240612_115336,0, 
IMG_20240612_115338,IMG_20240612_115338,1,datastream_1\samples\left\IMG_20240612_115338,0, 
IMG_20240612_115737,IMG_20240612_115737,1,datastream_1\samples\left\IMG_20240612_115737,0, 
IMG_20240612_115740,IMG_20240612_115740,1,datastream_1\samples\left\IMG_20240612_115740,0, 
IMG_20240612_115741,IMG_20240612_115741,1,datastream_1\samples\left\IMG_20240612_115741,0, 
IMG_20240612_115743,IMG_20240612_115743,1,datastream_1\samples\left\IMG_20240612_115743,0, 
IMG_20240612_115744,IMG_20240612_115744,1,datastream_1\samples\left\IMG_20240612_115744,0, 
IMG_20240612_115744_1,IMG_20240612_115744_1,1,datastream_1\samples\left\IMG_20240612_115744_1,0, 
IMG_20240612_115745,IMG_20240612_115745,1,datastream_1\samples\left\IMG_20240612_115745,0, 
IMG_20240612_115745_1,IMG_20240612_115745_1,1,datastream_1\samples\left\IMG_20240612_115745_1,0, 
IMG_20240612_115746,IMG_20240612_115746,1,datastream_1\samples\left\IMG_20240612_115746,0, 
IMG_20240612_115746_1,IMG_20240612_115746_1,1,datastream_1\samples\left\IMG_20240612_115746_1,0, 
IMG_20240612_115749,IMG_20240612_115749,1,datastream_1\samples\left\IMG_20240612_115749,0, 
IMG_20240612_115749_1,IMG_20240612_115749_1,1,datastream_1\samples\left\IMG_20240612_115749_1,0, 
IMG_20240612_115750,IMG_20240612_115750,1,datastream_1\samples\left\IMG_20240612_115750,0, 
IMG_20240612_115750_1,IMG_20240612_115750_1,1,datastream_1\samples\left\IMG_20240612_115750_1,0, 
IMG_20240612_115751,IMG_20240612_115751,1,datastream_1\samples\left\IMG_20240612_115751,0, 
IMG_20240612_115827,IMG_20240612_115827,1,datastream_1\samples\left\IMG_20240612_115827,0, 
IMG_20240612_115828,IMG_20240612_115828,1,datastream_1\samples\left\IMG_20240612_115828,0, 
IMG_20240612_115830,IMG_20240612_115830,1,datastream_1\samples\left\IMG_20240612_115830,0, 
IMG_20240612_115832,IMG_20240612_115832,1,datastream_1\samples\left\IMG_20240612_115832,0, 
IMG_20240612_115838,IMG_20240612_115838,1,datastream_1\samples\left\IMG_20240612_115838,0, 
IMG_20240612_115913,IMG_20240612_115913,1,datastream_1\samples\left\IMG_20240612_115913,0, 
IMG_20240612_115919,IMG_20240612_115919,1,datastream_1\samples\left\IMG_20240612_115919,0, 
IMG_20240612_115926,IMG_20240612_115926,1,datastream_1\samples\left\IMG_20240612_115926,0, 
IMG_20240612_115935,IMG_20240612_115935,1,datastream_1\samples\left\IMG_20240612_115935,0, 
IMG_20240612_115938,IMG_20240612_115938,1,datastream_1\samples\left\IMG_20240612_115938,0, 
IMG_20240701_215232,IMG_20240701_215232,1,datastream_1\samples\left\IMG_20240701_215232,0, 
IMG_20240701_215234,IMG_20240701_215234,1,datastream_1\samples\left\IMG_20240701_215234,0, 
IMG_20240701_215235,IMG_20240701_215235,1,datastream_1\samples\left\IMG_20240701_215235,0, 
IMG_20240701_215237,IMG_20240701_215237,1,datastream_1\samples\left\IMG_20240701_215237,0, 
IMG_20240701_215238,IMG_20240701_215238,1,datastream_1\samples\left\IMG_20240701_215238,0, 
IMG_20240701_215254,IMG_20240701_215254,1,datastream_1\samples\left\IMG_20240701_215254,0, 
IMG_20240701_215256,IMG_20240701_215256,1,datastream_1\samples\left\IMG_20240701_215256,0, 
IMG_20240701_215257,IMG_20240701_215257,1,datastream_1\samples\left\IMG_20240701_215257,0, 
IMG_20240701_215258,IMG_20240701_215258,1,datastream_1\samples\left\IMG_20240701_215258,0, 
IMG_20240701_215300,IMG_20240701_215300,1,datastream_1\samples\left\IMG_20240701_215300,0, 
IMG_20240701_215324,IMG_20240701_215324,1,datastream_1\samples\left\IMG_20240701_215324,0, 
IMG_20240701_215326,IMG_20240701_215326,1,datastream_1\samples\left\IMG_20240701_215326,0, 
IMG_20240701_215329,IMG_20240701_215329,1,datastream_1\samples\left\IMG_20240701_215329,0, 
IMG_20240701_215332,IMG_20240701_215332,1,datastream_1\samples\left\IMG_20240701_215332,0, 
IMG_20240701_215334,IMG_20240701_215334,1,datastream_1\samples\left\IMG_20240701_215334,0, 
IMG_20240702_124150,IMG_20240702_124150,1,datastream_1\samples\left\IMG_20240702_124150,0, 
IMG_20240702_124152,IMG_20240702_124152,1,datastream_1\samples\left\IMG_20240702_124152,0, 
IMG_20240702_124153,IMG_20240702_124153,1,datastream_1\samples\left\IMG_20240702_124153,0, 
IMG_20240702_124155,IMG_20240702_124155,1,datastream_1\samples\left\IMG_20240702_124155,0, 
IMG_20240702_124157,IMG_20240702_124157,1,datastream_1\samples\left\IMG_20240702_124157,0, 
IMG_20240702_124219,IMG_20240702_124219,1,datastream_1\samples\left\IMG_20240702_124219,0, 
IMG_20240702_124222,IMG_20240702_124222,1,datastream_1\samples\left\IMG_20240702_124222,0, 
IMG_20240702_124224,IMG_20240702_124224,1,datastream_1\samples\left\IMG_20240702_124224,0, 
IMG_20240702_124226,IMG_20240702_124226,1,datastream_1\samples\left\IMG_20240702_124226,0, 
IMG_20240702_124230,IMG_20240702_124230,1,datastream_1\samples\left\IMG_20240702_124230,0, 
IMG_20240702_124345,IMG_20240702_124345,1,datastream_1\samples\left\IMG_20240702_124345,0, 
IMG_20240702_124347,IMG_20240702_124347,1,datastream_1\samples\left\IMG_20240702_124347,0, 
IMG_20240702_124349,IMG_20240702_124349,1,datastream_1\samples\left\IMG_20240702_124349,0, 
IMG_20240702_124350,IMG_20240702_124350,1,datastream_1\samples\left\IMG_20240702_124350,0, 
IMG_20240702_124353,IMG_20240702_124353,1,datastream_1\samples\left\IMG_20240702_124353,0, 
IMG_20240702_124407,IMG_20240702_124407,1,datastream_1\samples\left\IMG_20240702_124407,0, 
IMG_20240702_124409,IMG_20240702_124409,1,datastream_1\samples\left\IMG_20240702_124409,0, 
IMG_20240702_124411,IMG_20240702_124411,1,datastream_1\samples\left\IMG_20240702_124411,0, 
IMG_20240702_124413,IMG_20240702_124413,1,datastream_1\samples\left\IMG_20240702_124413,0, 
IMG_20240702_124415,IMG_20240702_124415,1,datastream_1\samples\left\IMG_20240702_124415,0, 
IMG_20240702_124418,IMG_20240702_124418,1,datastream_1\samples\left\IMG_20240702_124418,0, 
IMG_20240702_124420,IMG_20240702_124420,1,datastream_1\samples\left\IMG_20240702_124420,0, 
IMG_20240702_124447,IMG_20240702_124447,1,datastream_1\samples\left\IMG_20240702_124447,0, 
IMG_20240702_124450,IMG_20240702_124450,1,datastream_1\samples\left\IMG_20240702_124450,0, 
IMG_20240702_124452,IMG_20240702_124452,1,datastream_1\samples\left\IMG_20240702_124452,0, 
IMG_20240702_124455,IMG_20240702_124455,1,datastream_1\samples\left\IMG_20240702_124455,0, 
IMG_20240702_124457,IMG_20240702_124457,1,datastream_1\samples\left\IMG_20240702_124457,0, 
IMG_20240702_124504,IMG_20240702_124504,1,datastream_1\samples\left\IMG_20240702_124504,0, 
IMG_20240702_124507,IMG_20240702_124507,1,datastream_1\samples\left\IMG_20240702_124507,0, 
IMG_20240702_124509,IMG_20240702_124509,1,datastream_1\samples\left\IMG_20240702_124509,0, 
IMG_20240702_124728,IMG_20240702_124728,1,datastream_1\samples\left\IMG_20240702_124728,0, 
IMG_20240702_124730,IMG_20240702_124730,1,datastream_1\samples\left\IMG_20240702_124730,0, 
IMG_20240702_124733,IMG_20240702_124733,1,datastream_1\samples\left\IMG_20240702_124733,0, 
IMG_20240702_124734,IMG_20240702_124734,1,datastream_1\samples\left\IMG_20240702_124734,0, 
IMG_20240702_124736,IMG_20240702_124736,1,datastream_1\samples\left\IMG_20240702_124736,0, 
IMG_20240702_124831,IMG_20240702_124831,1,datastream_1\samples\left\IMG_20240702_124831,0, 
IMG_20240702_124833,IMG_20240702_124833,1,datastream_1\samples\left\IMG_20240702_124833,0, 
IMG_20240702_124835,IMG_20240702_124835,1,datastream_1\samples\left\IMG_20240702_124835,0, 
IMG_20240702_124837,IMG_20240702_124837,1,datastream_1\samples\left\IMG_20240702_124837,0, 
IMG_20240702_124840,IMG_20240702_124840,1,datastream_1\samples\left\IMG_20240702_124840,0, 
IMG_20240702_125328,IMG_20240702_125328,1,datastream_1\samples\left\IMG_20240702_125328,0, 
IMG_20240702_125330,IMG_20240702_125330,1,datastream_1\samples\left\IMG_20240702_125330,0, 
IMG_20240702_125333,IMG_20240702_125333,1,datastream_1\samples\left\IMG_20240702_125333,0, 
IMG_20240702_125335,IMG_20240702_125335,1,datastream_1\samples\left\IMG_20240702_125335,0, 
IMG_20240702_125338,IMG_20240702_125338,1,datastream_1\samples\left\IMG_20240702_125338,0, 
IMG_20240702_125534,IMG_20240702_125534,1,datastream_1\samples\left\IMG_20240702_125534,0, 
IMG_20240702_125536,IMG_20240702_125536,1,datastream_1\samples\left\IMG_20240702_125536,0, 
IMG_20240702_125537,IMG_20240702_125537,1,datastream_1\samples\left\IMG_20240702_125537,0, 
IMG_20240702_125540,IMG_20240702_125540,1,datastream_1\samples\left\IMG_20240702_125540,0, 
IMG_20240702_125543,IMG_20240702_125543,1,datastream_1\samples\left\IMG_20240702_125543,0, 
IMG_20240702_130153,IMG_20240702_130153,1,datastream_1\samples\left\IMG_20240702_130153,0, 
IMG_20240702_130154,IMG_20240702_130154,1,datastream_1\samples\left\IMG_20240702_130154,0, 
IMG_20240702_130156,IMG_20240702_130156,1,datastream_1\samples\left\IMG_20240702_130156,0, 
IMG_20240702_130158,IMG_20240702_130158,1,datastream_1\samples\left\IMG_20240702_130158,0, 
IMG_20240702_130159,IMG_20240702_130159,1,datastream_1\samples\left\IMG_20240702_130159,0, 
IMG_20240702_130215,IMG_20240702_130215,1,datastream_1\samples\left\IMG_20240702_130215,0, 
IMG_20240702_130217,IMG_20240702_130217,1,datastream_1\samples\left\IMG_20240702_130217,0, 
IMG_20240702_130219,IMG_20240702_130219,1,datastream_1\samples\left\IMG_20240702_130219,0, 
IMG_20240702_130223,IMG_20240702_130223,1,datastream_1\samples\left\IMG_20240702_130223,0, 
IMG_20240702_130226,IMG_20240702_130226,1,datastream_1\samples\left\IMG_20240702_130226,0, 
IMG_20240702_130348,IMG_20240702_130348,1,datastream_1\samples\left\IMG_20240702_130348,0, 
IMG_20240702_130350,IMG_20240702_130350,1,datastream_1\samples\left\IMG_20240702_130350,0, 
IMG_20240702_130352,IMG_20240702_130352,1,datastream_1\samples\left\IMG_20240702_130352,0, 
IMG_20240702_130355,IMG_20240702_130355,1,datastream_1\samples\left\IMG_20240702_130355,0, 
IMG_20240702_130356,IMG_20240702_130356,1,datastream_1\samples\left\IMG_20240702_130356,0, 
IMG_20240702_130426,IMG_20240702_130426,1,datastream_1\samples\left\IMG_20240702_130426,0, 
IMG_20240702_130428,IMG_20240702_130428,1,datastream_1\samples\left\IMG_20240702_130428,0, 
IMG_20240702_130430,IMG_20240702_130430,1,datastream_1\samples\left\IMG_20240702_130430,0, 
IMG_20240702_130431,IMG_20240702_130431,1,datastream_1\samples\left\IMG_20240702_130431,0, 
IMG_20240702_130433,IMG_20240702_130433,1,datastream_1\samples\left\IMG_20240702_130433,0, 
IMG_20240702_130445,IMG_20240702_130445,1,datastream_1\samples\left\IMG_20240702_130445,0, 
IMG_20240702_130447,IMG_20240702_130447,1,datastream_1\samples\left\IMG_20240702_130447,0, 
IMG_20240702_130448,IMG_20240702_130448,1,datastream_1\samples\left\IMG_20240702_130448,0, 
IMG_20240702_130451,IMG_20240702_130451,1,datastream_1\samples\left\IMG_20240702_130451,0, 
IMG_20240702_130453,IMG_20240702_130453,1,datastream_1\samples\left\IMG_20240702_130453,0, 
IMG_20240702_130507,IMG_20240702_130507,1,datastream_1\samples\left\IMG_20240702_130507,0, 
IMG_20240702_130509,IMG_20240702_130509,1,datastream_1\samples\left\IMG_20240702_130509,0, 
IMG_20240702_130511,IMG_20240702_130511,1,datastream_1\samples\left\IMG_20240702_130511,0, 
IMG_20240702_130513,IMG_20240702_130513,1,datastream_1\samples\left\IMG_20240702_130513,0, 
IMG_20240702_130515,IMG_20240702_130515,1,datastream_1\samples\left\IMG_20240702_130515,0, 
IMG_20240702_130528,IMG_20240702_130528,1,datastream_1\samples\left\IMG_20240702_130528,0, 
IMG_20240702_130532,IMG_20240702_130532,1,datastream_1\samples\left\IMG_20240702_130532,0, 
IMG_20240702_130534,IMG_20240702_130534,1,datastream_1\samples\left\IMG_20240702_130534,0, 
IMG_20240702_130536,IMG_20240702_130536,1,datastream_1\samples\left\IMG_20240702_130536,0, 
IMG_20240702_130538,IMG_20240702_130538,1,datastream_1\samples\left\IMG_20240702_130538,0, 
IMG_20240702_130545,IMG_20240702_130545,1,datastream_1\samples\left\IMG_20240702_130545,0, 
IMG_20240702_130549,IMG_20240702_130549,1,datastream_1\samples\left\IMG_20240702_130549,0, 
IMG_20240702_130551,IMG_20240702_130551,1,datastream_1\samples\left\IMG_20240702_130551,0, 
IMG_20240702_130553,IMG_20240702_130553,1,datastream_1\samples\left\IMG_20240702_130553,0, 
IMG_20240702_130555,IMG_20240702_130555,1,datastream_1\samples\left\IMG_20240702_130555,0, 
IMG_20240702_130607,IMG_20240702_130607,1,datastream_1\samples\left\IMG_20240702_130607,0, 
IMG_20240702_130610,IMG_20240702_130610,1,datastream_1\samples\left\IMG_20240702_130610,0, 
IMG_20240702_130611,IMG_20240702_130611,1,datastream_1\samples\left\IMG_20240702_130611,0, 
IMG_20240702_130614,IMG_20240702_130614,1,datastream_1\samples\left\IMG_20240702_130614,0, 
IMG_20240702_130616,IMG_20240702_130616,1,datastream_1\samples\left\IMG_20240702_130616,0, 
IMG_20240702_130636,IMG_20240702_130636,1,datastream_1\samples\left\IMG_20240702_130636,0, 
IMG_20240702_130639,IMG_20240702_130639,1,datastream_1\samples\left\IMG_20240702_130639,0, 
IMG_20240702_130641,IMG_20240702_130641,1,datastream_1\samples\left\IMG_20240702_130641,0, 
IMG_20240702_130643,IMG_20240702_130643,1,datastream_1\samples\left\IMG_20240702_130643,0, 
IMG_20240702_130645,IMG_20240702_130645,1,datastream_1\samples\left\IMG_20240702_130645,0, 
IMG_20240702_130719,IMG_20240702_130719,1,datastream_1\samples\left\IMG_20240702_130719,0, 
IMG_20240702_130721,IMG_20240702_130721,1,datastream_1\samples\left\IMG_20240702_130721,0, 
IMG_20240702_130724,IMG_20240702_130724,1,datastream_1\samples\left\IMG_20240702_130724,0, 
IMG_20240702_130726,IMG_20240702_130726,1,datastream_1\samples\left\IMG_20240702_130726,0, 
IMG_20240702_130729,IMG_20240702_130729,1,datastream_1\samples\left\IMG_20240702_130729,0, 
IMG_20240702_130903,IMG_20240702_130903,1,datastream_1\samples\left\IMG_20240702_130903,0, 
IMG_20240702_130905,IMG_20240702_130905,1,datastream_1\samples\left\IMG_20240702_130905,0, 
IMG_20240702_130907,IMG_20240702_130907,1,datastream_1\samples\left\IMG_20240702_130907,0, 
IMG_20240702_130912,IMG_20240702_130912,1,datastream_1\samples\left\IMG_20240702_130912,0, 
IMG_20240702_130914,IMG_20240702_130914,1,datastream_1\samples\left\IMG_20240702_130914,0, 
IMG_20240702_130947,IMG_20240702_130947,1,datastream_1\samples\left\IMG_20240702_130947,0, 
IMG_20240702_130948,IMG_20240702_130948,1,datastream_1\samples\left\IMG_20240702_130948,0, 
IMG_20240702_130949,IMG_20240702_130949,1,datastream_1\samples\left\IMG_20240702_130949,0, 
IMG_20240702_130951,IMG_20240702_130951,1,datastream_1\samples\left\IMG_20240702_130951,0, 
IMG_20240702_130952,IMG_20240702_130952,1,datastream_1\samples\left\IMG_20240702_130952,0, 
IMG_20240702_131032,IMG_20240702_131032,1,datastream_1\samples\left\IMG_20240702_131032,0, 
IMG_20240702_131033,IMG_20240702_131033,1,datastream_1\samples\left\IMG_20240702_131033,0, 
IMG_20240702_131035,IMG_20240702_131035,1,datastream_1\samples\left\IMG_20240702_131035,0, 
IMG_20240702_131037,IMG_20240702_131037,1,datastream_1\samples\left\IMG_20240702_131037,0, 
IMG_20240702_131040,IMG_20240702_131040,1,datastream_1\samples\left\IMG_20240702_131040,0, 
IMG_20240702_131240,IMG_20240702_131240,1,datastream_1\samples\left\IMG_20240702_131240,0, 
IMG_20240702_131242,IMG_20240702_131242,1,datastream_1\samples\left\IMG_20240702_131242,0, 
IMG_20240702_131244,IMG_20240702_131244,1,datastream_1\samples\left\IMG_20240702_131244,0, 
IMG_20240702_131246,IMG_20240702_131246,1,datastream_1\samples\left\IMG_20240702_131246,0, 
IMG_20240702_131248,IMG_20240702_131248,1,datastream_1\samples\left\IMG_20240702_131248,0, 
IMG_20240702_131403,IMG_20240702_131403,1,datastream_1\samples\left\IMG_20240702_131403,0, 
IMG_20240702_131405,IMG_20240702_131405,1,datastream_1\samples\left\IMG_20240702_131405,0, 
IMG_20240702_131408,IMG_20240702_131408,1,datastream_1\samples\left\IMG_20240702_131408,0, 
IMG_20240702_131410,IMG_20240702_131410,1,datastream_1\samples\left\IMG_20240702_131410,0, 
IMG_20240702_131411,IMG_20240702_131411,1,datastream_1\samples\left\IMG_20240702_131411,0, 
IMG_20240702_131423,IMG_20240702_131423,1,datastream_1\samples\left\IMG_20240702_131423,0, 
IMG_20240702_131424,IMG_20240702_131424,1,datastream_1\samples\left\IMG_20240702_131424,0, 
IMG_20240702_131426,IMG_20240702_131426,1,datastream_1\samples\left\IMG_20240702_131426,0, 
IMG_20240702_131428,IMG_20240702_131428,1,datastream_1\samples\left\IMG_20240702_131428,0, 
IMG_20240702_131430,IMG_20240702_131430,1,datastream_1\samples\left\IMG_20240702_131430,0, 
IMG_20240702_131457,IMG_20240702_131457,1,datastream_1\samples\left\IMG_20240702_131457,0, 
IMG_20240702_131458,IMG_20240702_131458,1,datastream_1\samples\left\IMG_20240702_131458,0, 
IMG_20240702_131500,IMG_20240702_131500,1,datastream_1\samples\left\IMG_20240702_131500,0, 
IMG_20240702_131501,IMG_20240702_131501,1,datastream_1\samples\left\IMG_20240702_131501,0, 
IMG_20240702_131503,IMG_20240702_131503,1,datastream_1\samples\left\IMG_20240702_131503,0, 
IMG_20240702_131533,IMG_20240702_131533,1,datastream_1\samples\left\IMG_20240702_131533,0, 
IMG_20240702_131535,IMG_20240702_131535,1,datastream_1\samples\left\IMG_20240702_131535,0, 
IMG_20240702_131537,IMG_20240702_131537,1,datastream_1\samples\left\IMG_20240702_131537,0, 
IMG_20240702_131538,IMG_20240702_131538,1,datastream_1\samples\left\IMG_20240702_131538,0, 
IMG_20240702_131540,IMG_20240702_131540,1,datastream_1\samples\left\IMG_20240702_131540,0, 
IMG_20240702_131729,IMG_20240702_131729,1,datastream_1\samples\left\IMG_20240702_131729,0, 
IMG_20240702_131731,IMG_20240702_131731,1,datastream_1\samples\left\IMG_20240702_131731,0, 
IMG_20240702_131732,IMG_20240702_131732,1,datastream_1\samples\left\IMG_20240702_131732,0, 
IMG_20240702_131735,IMG_20240702_131735,1,datastream_1\samples\left\IMG_20240702_131735,0, 
IMG_20240702_131737,IMG_20240702_131737,1,datastream_1\samples\left\IMG_20240702_131737,0, 
IMG_20240702_132032,IMG_20240702_132032,1,datastream_1\samples\left\IMG_20240702_132032,0, 
IMG_20240702_132034,IMG_20240702_132034,1,datastream_1\samples\left\IMG_20240702_132034,0, 
IMG_20240702_132036,IMG_20240702_132036,1,datastream_1\samples\left\IMG_20240702_132036,0, 
IMG_20240702_132038,IMG_20240702_132038,1,datastream_1\samples\left\IMG_20240702_132038,0, 
IMG_20240702_132040,IMG_20240702_132040,1,datastream_1\samples\left\IMG_20240702_132040,0, 
IMG_20240702_132156,IMG_20240702_132156,1,datastream_1\samples\left\IMG_20240702_132156,0, 
IMG_20240702_132158,IMG_20240702_132158,1,datastream_1\samples\left\IMG_20240702_132158,0, 
IMG_20240702_132200,IMG_20240702_132200,1,datastream_1\samples\left\IMG_20240702_132200,0, 
IMG_20240702_132204,IMG_20240702_132204,1,datastream_1\samples\left\IMG_20240702_132204,0, 
IMG_20240702_132206,IMG_20240702_132206,1,datastream_1\samples\left\IMG_20240702_132206,0, 
IMG_20240702_132319,IMG_20240702_132319,1,datastream_1\samples\left\IMG_20240702_132319,0, 
IMG_20240702_132321,IMG_20240702_132321,1,datastream_1\samples\left\IMG_20240702_132321,0, 
IMG_20240702_132323,IMG_20240702_132323,1,datastream_1\samples\left\IMG_20240702_132323,0, 
IMG_20240702_132326,IMG_20240702_132326,1,datastream_1\samples\left\IMG_20240702_132326,0, 
IMG_20240702_132328,IMG_20240702_132328,1,datastream_1\samples\left\IMG_20240702_132328,0, 
IMG_20240702_132436,IMG_20240702_132436,1,datastream_1\samples\left\IMG_20240702_132436,0, 
IMG_20240702_132438,IMG_20240702_132438,1,datastream_1\samples\left\IMG_20240702_132438,0, 
IMG_20240702_132441,IMG_20240702_132441,1,datastream_1\samples\left\IMG_20240702_132441,0, 
IMG_20240702_132443,IMG_20240702_132443,1,datastream_1\samples\left\IMG_20240702_132443,0, 
IMG_20240702_132445,IMG_20240702_132445,1,datastream_1\samples\left\IMG_20240702_132445,0, 
IMG_20240702_132536,IMG_20240702_132536,1,datastream_1\samples\left\IMG_20240702_132536,0, 
IMG_20240702_132538,IMG_20240702_132538,1,datastream_1\samples\left\IMG_20240702_132538,0, 
IMG_20240702_132541,IMG_20240702_132541,1,datastream_1\samples\left\IMG_20240702_132541,0, 
IMG_20240702_132544,IMG_20240702_132544,1,datastream_1\samples\left\IMG_20240702_132544,0, 
IMG_20240702_132546,IMG_20240702_132546,1,datastream_1\samples\left\IMG_20240702_132546,0, 
IMG_20240702_132852,IMG_20240702_132852,1,datastream_1\samples\left\IMG_20240702_132852,0, 
IMG_20240702_132853,IMG_20240702_132853,1,datastream_1\samples\left\IMG_20240702_132853,0, 
IMG_20240702_132855,IMG_20240702_132855,1,datastream_1\samples\left\IMG_20240702_132855,0, 
IMG_20240702_132857,IMG_20240702_132857,1,datastream_1\samples\left\IMG_20240702_132857,0, 
IMG_20240702_132858,IMG_20240702_132858,1,datastream_1\samples\left\IMG_20240702_132858,0, 
IMG_20240702_133309,IMG_20240702_133309,1,datastream_1\samples\left\IMG_20240702_133309,0, 
IMG_20240702_133311,IMG_20240702_133311,1,datastream_1\samples\left\IMG_20240702_133311,0, 
IMG_20240702_133312,IMG_20240702_133312,1,datastream_1\samples\left\IMG_20240702_133312,0, 
IMG_20240702_133315,IMG_20240702_133315,1,datastream_1\samples\left\IMG_20240702_133315,0, 
IMG_20240702_133317,IMG_20240702_133317,1,datastream_1\samples\left\IMG_20240702_133317,0, 
IMG_20240702_133647,IMG_20240702_133647,1,datastream_1\samples\left\IMG_20240702_133647,0, 
IMG_20240702_133649,IMG_20240702_133649,1,datastream_1\samples\left\IMG_20240702_133649,0, 
IMG_20240702_133652,IMG_20240702_133652,1,datastream_1\samples\left\IMG_20240702_133652,0, 
IMG_20240702_133654,IMG_20240702_133654,1,datastream_1\samples\left\IMG_20240702_133654,0, 
IMG_20240702_133657,IMG_20240702_133657,1,datastream_1\samples\left\IMG_20240702_133657,0, 
IMG_20240702_133745,IMG_20240702_133745,1,datastream_1\samples\left\IMG_20240702_133745,0, 
IMG_20240702_133749,IMG_20240702_133749,1,datastream_1\samples\left\IMG_20240702_133749,0, 
IMG_20240702_133752,IMG_20240702_133752,1,datastream_1\samples\left\IMG_20240702_133752,0, 
IMG_20240702_133755,IMG_20240702_133755,1,datastream_1\samples\left\IMG_20240702_133755,0, 
IMG_20240702_133757,IMG_20240702_133757,1,datastream_1\samples\left\IMG_20240702_133757,0, 
IMG_20240702_134520,IMG_20240702_134520,1,datastream_1\samples\left\IMG_20240702_134520,0, 
IMG_20240702_134523,IMG_20240702_134523,1,datastream_1\samples\left\IMG_20240702_134523,0, 
IMG_20240702_134525,IMG_20240702_134525,1,datastream_1\samples\left\IMG_20240702_134525,0, 
IMG_20240702_134529,IMG_20240702_134529,1,datastream_1\samples\left\IMG_20240702_134529,0, 
IMG_20240702_134531,IMG_20240702_134531,1,datastream_1\samples\left\IMG_20240702_134531,0, 
IMG_20240702_134551,IMG_20240702_134551,1,datastream_1\samples\left\IMG_20240702_134551,0, 
IMG_20240702_134555,IMG_20240702_134555,1,datastream_1\samples\left\IMG_20240702_134555,0, 
IMG_20240702_134558,IMG_20240702_134558,1,datastream_1\samples\left\IMG_20240702_134558,0, 
IMG_20240702_134601,IMG_20240702_134601,1,datastream_1\samples\left\IMG_20240702_134601,0, 
IMG_20240702_134603,IMG_20240702_134603,1,datastream_1\samples\left\IMG_20240702_134603,0, 
IMG_20240702_134622,IMG_20240702_134622,1,datastream_1\samples\left\IMG_20240702_134622,0, 
IMG_20240702_134625,IMG_20240702_134625,1,datastream_1\samples\left\IMG_20240702_134625,0, 
IMG_20240702_134629,IMG_20240702_134629,1,datastream_1\samples\left\IMG_20240702_134629,0, 
IMG_20240702_134632,IMG_20240702_134632,1,datastream_1\samples\left\IMG_20240702_134632,0, 
IMG_20240702_134636,IMG_20240702_134636,1,datastream_1\samples\left\IMG_20240702_134636,0, 
IMG_20240702_134656,IMG_20240702_134656,1,datastream_1\samples\left\IMG_20240702_134656,0, 
IMG_20240702_134701,IMG_20240702_134701,1,datastream_1\samples\left\IMG_20240702_134701,0, 
IMG_20240702_134704,IMG_20240702_134704,1,datastream_1\samples\left\IMG_20240702_134704,0, 
IMG_20240702_134708,IMG_20240702_134708,1,datastream_1\samples\left\IMG_20240702_134708,0, 
IMG_20240702_134714,IMG_20240702_134714,1,datastream_1\samples\left\IMG_20240702_134714,0, 
IMG_20240702_134810,IMG_20240702_134810,1,datastream_1\samples\left\IMG_20240702_134810,0, 
IMG_20240702_134814,IMG_20240702_134814,1,datastream_1\samples\left\IMG_20240702_134814,0, 
IMG_20240702_134819,IMG_20240702_134819,1,datastream_1\samples\left\IMG_20240702_134819,0, 
IMG_20240702_134823,IMG_20240702_134823,1,datastream_1\samples\left\IMG_20240702_134823,0, 
IMG_20240702_134827,IMG_20240702_134827,1,datastream_1\samples\left\IMG_20240702_134827,0, 
IMG_20240702_134854,IMG_20240702_134854,1,datastream_1\samples\left\IMG_20240702_134854,0, 
IMG_20240702_134858,IMG_20240702_134858,1,datastream_1\samples\left\IMG_20240702_134858,0, 
IMG_20240702_134901,IMG_20240702_134901,1,datastream_1\samples\left\IMG_20240702_134901,0, 
IMG_20240702_134905,IMG_20240702_134905,1,datastream_1\samples\left\IMG_20240702_134905,0, 
IMG_20240702_134909,IMG_20240702_134909,1,datastream_1\samples\left\IMG_20240702_134909,0, 
IMG_20240702_134930,IMG_20240702_134930,1,datastream_1\samples\left\IMG_20240702_134930,0, 
IMG_20240702_134933,IMG_20240702_134933,1,datastream_1\samples\left\IMG_20240702_134933,0, 
IMG_20240702_134936,IMG_20240702_134936,1,datastream_1\samples\left\IMG_20240702_134936,0, 
IMG_20240702_134939,IMG_20240702_134939,1,datastream_1\samples\left\IMG_20240702_134939,0, 
IMG_20240702_134942,IMG_20240702_134942,1,datastream_1\samples\left\IMG_20240702_134942,0, 
IMG_20240702_194922,IMG_20240702_194922,1,datastream_1\samples\left\IMG_20240702_194922,0, 
IMG_20240702_194925,IMG_20240702_194925,1,datastream_1\samples\left\IMG_20240702_194925,0, 
IMG_20240702_194927,IMG_20240702_194927,1,datastream_1\samples\left\IMG_20240702_194927,0, 
IMG_20240702_194929,IMG_20240702_194929,1,datastream_1\samples\left\IMG_20240702_194929,0, 
IMG_20240702_194931,IMG_20240702_194931,1,datastream_1\samples\left\IMG_20240702_194931,0, 
IMG_20240702_195037,IMG_20240702_195037,1,datastream_1\samples\left\IMG_20240702_195037,0, 
IMG_20240702_195039,IMG_20240702_195039,1,datastream_1\samples\left\IMG_20240702_195039,0, 
IMG_20240702_195041,IMG_20240702_195041,1,datastream_1\samples\left\IMG_20240702_195041,0, 
IMG_20240702_195044,IMG_20240702_195044,1,datastream_1\samples\left\IMG_20240702_195044,0, 
IMG_20240702_195046,IMG_20240702_195046,1,datastream_1\samples\left\IMG_20240702_195046,0, 
IMG_20240702_195159,IMG_20240702_195159,1,datastream_1\samples\left\IMG_20240702_195159,0, 
IMG_20240702_195201,IMG_20240702_195201,1,datastream_1\samples\left\IMG_20240702_195201,0, 
IMG_20240702_195204,IMG_20240702_195204,1,datastream_1\samples\left\IMG_20240702_195204,0, 
IMG_20240702_195207,IMG_20240702_195207,1,datastream_1\samples\left\IMG_20240702_195207,0, 
IMG_20240702_195209,IMG_20240702_195209,1,datastream_1\samples\left\IMG_20240702_195209,0, 
IMG_20240702_195255,IMG_20240702_195255,1,datastream_1\samples\left\IMG_20240702_195255,0, 
IMG_20240702_195257,IMG_20240702_195257,1,datastream_1\samples\left\IMG_20240702_195257,0, 
IMG_20240702_195300,IMG_20240702_195300,1,datastream_1\samples\left\IMG_20240702_195300,0, 
IMG_20240702_195302,IMG_20240702_195302,1,datastream_1\samples\left\IMG_20240702_195302,0, 
IMG_20240702_195305,IMG_20240702_195305,1,datastream_1\samples\left\IMG_20240702_195305,0, 
IMG_20240702_195428,IMG_20240702_195428,1,datastream_1\samples\left\IMG_20240702_195428,0, 
IMG_20240702_195431,IMG_20240702_195431,1,datastream_1\samples\left\IMG_20240702_195431,0, 
IMG_20240702_195434,IMG_20240702_195434,1,datastream_1\samples\left\IMG_20240702_195434,0, 
IMG_20240702_195436,IMG_20240702_195436,1,datastream_1\samples\left\IMG_20240702_195436,0, 
IMG_20240702_195440,IMG_20240702_195440,1,datastream_1\samples\left\IMG_20240702_195440,0, 
IMG_20240702_195606,IMG_20240702_195606,1,datastream_1\samples\left\IMG_20240702_195606,0, 
IMG_20240702_195608,IMG_20240702_195608,1,datastream_1\samples\left\IMG_20240702_195608,0, 
IMG_20240702_195611,IMG_20240702_195611,1,datastream_1\samples\left\IMG_20240702_195611,0, 
IMG_20240702_195614,IMG_20240702_195614,1,datastream_1\samples\left\IMG_20240702_195614,0, 
IMG_20240702_195616,IMG_20240702_195616,1,datastream_1\samples\left\IMG_20240702_195616,0, 
IMG_20240702_195726,IMG_20240702_195726,1,datastream_1\samples\left\IMG_20240702_195726,0, 
IMG_20240702_195728,IMG_20240702_195728,1,datastream_1\samples\left\IMG_20240702_195728,0, 
IMG_20240702_195730,IMG_20240702_195730,1,datastream_1\samples\left\IMG_20240702_195730,0, 
IMG_20240702_195732,IMG_20240702_195732,1,datastream_1\samples\left\IMG_20240702_195732,0, 
IMG_20240702_195735,IMG_20240702_195735,1,datastream_1\samples\left\IMG_20240702_195735,0, 
IMG_20240702_195934,IMG_20240702_195934,1,datastream_1\samples\left\IMG_20240702_195934,0, 
IMG_20240702_195936,IMG_20240702_195936,1,datastream_1\samples\left\IMG_20240702_195936,0, 
IMG_20240702_195938,IMG_20240702_195938,1,datastream_1\samples\left\IMG_20240702_195938,0, 
IMG_20240702_195940,IMG_20240702_195940,1,datastream_1\samples\left\IMG_20240702_195940,0, 
IMG_20240702_195942,IMG_20240702_195942,1,datastream_1\samples\left\IMG_20240702_195942,0, 
IMG_20240702_200853,IMG_20240702_200853,1,datastream_1\samples\left\IMG_20240702_200853,0, 
IMG_20240702_200854,IMG_20240702_200854,1,datastream_1\samples\left\IMG_20240702_200854,0, 
IMG_20240702_200855,IMG_20240702_200855,1,datastream_1\samples\left\IMG_20240702_200855,0, 
IMG_20240702_200856,IMG_20240702_200856,1,datastream_1\samples\left\IMG_20240702_200856,0, 
IMG_20240702_200858,IMG_20240702_200858,1,datastream_1\samples\left\IMG_20240702_200858,0, 
IMG_20240702_200901,IMG_20240702_200901,1,datastream_1\samples\left\IMG_20240702_200901,0, 
IMG_20240702_200903,IMG_20240702_200903,1,datastream_1\samples\left\IMG_20240702_200903,0, 
IMG_20240702_200904,IMG_20240702_200904,1,datastream_1\samples\left\IMG_20240702_200904,0, 
IMG_20240702_200905,IMG_20240702_200905,1,datastream_1\samples\left\IMG_20240702_200905,0, 
IMG_20240702_200906,IMG_20240702_200906,1,datastream_1\samples\left\IMG_20240702_200906,0, 
IMG_20240702_200927,IMG_20240702_200927,1,datastream_1\samples\left\IMG_20240702_200927,0, 
IMG_20240702_200929,IMG_20240702_200929,1,datastream_1\samples\left\IMG_20240702_200929,0, 
IMG_20240702_200930,IMG_20240702_200930,1,datastream_1\samples\left\IMG_20240702_200930,0, 
IMG_20240702_200931,IMG_20240702_200931,1,datastream_1\samples\left\IMG_20240702_200931,0, 
IMG_20240702_200932,IMG_20240702_200932,1,datastream_1\samples\left\IMG_20240702_200932,0, 
IMG_20240702_201102,IMG_20240702_201102,1,datastream_1\samples\left\IMG_20240702_201102,0, 
IMG_20240702_201103,IMG_20240702_201103,1,datastream_1\samples\left\IMG_20240702_201103,0, 
IMG_20240702_201104,IMG_20240702_201104,1,datastream_1\samples\left\IMG_20240702_201104,0, 
IMG_20240702_201106,IMG_20240702_201106,1,datastream_1\samples\left\IMG_20240702_201106,0, 
IMG_20240702_201107,IMG_20240702_201107,1,datastream_1\samples\left\IMG_20240702_201107,0, 
IMG_20240702_201221,IMG_20240702_201221,1,datastream_1\samples\left\IMG_20240702_201221,0, 
IMG_20240702_201222,IMG_20240702_201222,1,datastream_1\samples\left\IMG_20240702_201222,0, 
IMG_20240702_201223,IMG_20240702_201223,1,datastream_1\samples\left\IMG_20240702_201223,0, 
IMG_20240702_201225,IMG_20240702_201225,1,datastream_1\samples\left\IMG_20240702_201225,0, 
IMG_20240702_201226,IMG_20240702_201226,1,datastream_1\samples\left\IMG_20240702_201226,0, 
IMG_20240702_202030,IMG_20240702_202030,1,datastream_1\samples\left\IMG_20240702_202030,0, 
IMG_20240702_202031,IMG_20240702_202031,1,datastream_1\samples\left\IMG_20240702_202031,0, 
IMG_20240702_202033,IMG_20240702_202033,1,datastream_1\samples\left\IMG_20240702_202033,0, 
IMG_20240702_202035,IMG_20240702_202035,1,datastream_1\samples\left\IMG_20240702_202035,0, 
IMG_20240702_202037,IMG_20240702_202037,1,datastream_1\samples\left\IMG_20240702_202037,0, 
IMG_20240702_202050,IMG_20240702_202050,1,datastream_1\samples\left\IMG_20240702_202050,0, 
IMG_20240702_202052,IMG_20240702_202052,1,datastream_1\samples\left\IMG_20240702_202052,0, 
IMG_20240702_202054,IMG_20240702_202054,1,datastream_1\samples\left\IMG_20240702_202054,0, 
IMG_20240702_202055,IMG_20240702_202055,1,datastream_1\samples\left\IMG_20240702_202055,0, 
IMG_20240702_202057,IMG_20240702_202057,1,datastream_1\samples\left\IMG_20240702_202057,0, 
IMG_20240705_224622,IMG_20240705_224622,1,datastream_1\samples\left\IMG_20240705_224622,0, 
IMG_20240705_224626,IMG_20240705_224626,1,datastream_1\samples\left\IMG_20240705_224626,0, 
IMG_20240705_224628,IMG_20240705_224628,1,datastream_1\samples\left\IMG_20240705_224628,0, 
IMG_20240705_224630,IMG_20240705_224630,1,datastream_1\samples\left\IMG_20240705_224630,0, 
IMG_20240705_224634,IMG_20240705_224634,1,datastream_1\samples\left\IMG_20240705_224634,0, 
IMG_20240705_224701,IMG_20240705_224701,1,datastream_1\samples\left\IMG_20240705_224701,0, 
IMG_20240705_224703,IMG_20240705_224703,1,datastream_1\samples\left\IMG_20240705_224703,0, 
IMG_20240705_224705,IMG_20240705_224705,1,datastream_1\samples\left\IMG_20240705_224705,0, 
IMG_20240705_224708,IMG_20240705_224708,1,datastream_1\samples\left\IMG_20240705_224708,0, 
IMG_20240705_224710,IMG_20240705_224710,1,datastream_1\samples\left\IMG_20240705_224710,0, 
IMG_20240705_224724,IMG_20240705_224724,1,datastream_1\samples\left\IMG_20240705_224724,0, 
IMG_20240705_224726,IMG_20240705_224726,1,datastream_1\samples\left\IMG_20240705_224726,0, 
IMG_20240705_224728,IMG_20240705_224728,1,datastream_1\samples\left\IMG_20240705_224728,0, 
IMG_20240705_224733,IMG_20240705_224733,1,datastream_1\samples\left\IMG_20240705_224733,0, 
IMG_20240705_224736,IMG_20240705_224736,1,datastream_1\samples\left\IMG_20240705_224736,0, 
IMG_20240705_224750,IMG_20240705_224750,1,datastream_1\samples\left\IMG_20240705_224750,0, 
IMG_20240705_224753,IMG_20240705_224753,1,datastream_1\samples\left\IMG_20240705_224753,0, 
IMG_20240705_224755,IMG_20240705_224755,1,datastream_1\samples\left\IMG_20240705_224755,0, 
IMG_20240705_224758,IMG_20240705_224758,1,datastream_1\samples\left\IMG_20240705_224758,0, 
IMG_20240705_224801,IMG_20240705_224801,1,datastream_1\samples\left\IMG_20240705_224801,0, 
IMG_20240705_224818,IMG_20240705_224818,1,datastream_1\samples\left\IMG_20240705_224818,0, 
IMG_20240705_224820,IMG_20240705_224820,1,datastream_1\samples\left\IMG_20240705_224820,0, 
IMG_20240705_224823,IMG_20240705_224823,1,datastream_1\samples\left\IMG_20240705_224823,0, 
IMG_20240705_224826,IMG_20240705_224826,1,datastream_1\samples\left\IMG_20240705_224826,0, 
IMG_20240705_224828,IMG_20240705_224828,1,datastream_1\samples\left\IMG_20240705_224828,0, 
IMG_20240705_224842,IMG_20240705_224842,1,datastream_1\samples\left\IMG_20240705_224842,0, 
IMG_20240705_224846,IMG_20240705_224846,1,datastream_1\samples\left\IMG_20240705_224846,0, 
IMG_20240705_224848,IMG_20240705_224848,1,datastream_1\samples\left\IMG_20240705_224848,0, 
IMG_20240705_224851,IMG_20240705_224851,1,datastream_1\samples\left\IMG_20240705_224851,0, 
IMG_20240705_224854,IMG_20240705_224854,1,datastream_1\samples\left\IMG_20240705_224854,0, 
IMG_20240705_224906,IMG_20240705_224906,1,datastream_1\samples\left\IMG_20240705_224906,0, 
IMG_20240705_224909,IMG_20240705_224909,1,datastream_1\samples\left\IMG_20240705_224909,0, 
IMG_20240705_224912,IMG_20240705_224912,1,datastream_1\samples\left\IMG_20240705_224912,0, 
IMG_20240705_224914,IMG_20240705_224914,1,datastream_1\samples\left\IMG_20240705_224914,0, 
IMG_20240705_224917,IMG_20240705_224917,1,datastream_1\samples\left\IMG_20240705_224917,0, 
IMG_20240705_225056,IMG_20240705_225056,1,datastream_1\samples\left\IMG_20240705_225056,0, 
IMG_20240705_225058,IMG_20240705_225058,1,datastream_1\samples\left\IMG_20240705_225058,0, 
IMG_20240705_225100,IMG_20240705_225100,1,datastream_1\samples\left\IMG_20240705_225100,0, 
IMG_20240705_225102,IMG_20240705_225102,1,datastream_1\samples\left\IMG_20240705_225102,0, 
IMG_20240705_225104,IMG_20240705_225104,1,datastream_1\samples\left\IMG_20240705_225104,0, 
IMG_20240705_225121,IMG_20240705_225121,1,datastream_1\samples\left\IMG_20240705_225121,0, 
IMG_20240705_225122,IMG_20240705_225122,1,datastream_1\samples\left\IMG_20240705_225122,0, 
IMG_20240705_225124,IMG_20240705_225124,1,datastream_1\samples\left\IMG_20240705_225124,0, 
IMG_20240705_225126,IMG_20240705_225126,1,datastream_1\samples\left\IMG_20240705_225126,0, 
IMG_20240705_225128,IMG_20240705_225128,1,datastream_1\samples\left\IMG_20240705_225128,0, 
IMG_20240705_225143,IMG_20240705_225143,1,datastream_1\samples\left\IMG_20240705_225143,0, 
IMG_20240705_225145,IMG_20240705_225145,1,datastream_1\samples\left\IMG_20240705_225145,0, 
IMG_20240705_225147,IMG_20240705_225147,1,datastream_1\samples\left\IMG_20240705_225147,0, 
IMG_20240705_225149,IMG_20240705_225149,1,datastream_1\samples\left\IMG_20240705_225149,0, 
IMG_20240705_225151,IMG_20240705_225151,1,datastream_1\samples\left\IMG_20240705_225151,0, 
IMG_20240705_225324,IMG_20240705_225324,1,datastream_1\samples\left\IMG_20240705_225324,0, 
IMG_20240705_225326,IMG_20240705_225326,1,datastream_1\samples\left\IMG_20240705_225326,0, 
IMG_20240705_225329,IMG_20240705_225329,1,datastream_1\samples\left\IMG_20240705_225329,0, 
IMG_20240705_225331,IMG_20240705_225331,1,datastream_1\samples\left\IMG_20240705_225331,0, 
IMG_20240705_225333,IMG_20240705_225333,1,datastream_1\samples\left\IMG_20240705_225333,0, 
IMG_20240705_225346,IMG_20240705_225346,1,datastream_1\samples\left\IMG_20240705_225346,0, 
IMG_20240705_225348,IMG_20240705_225348,1,datastream_1\samples\left\IMG_20240705_225348,0, 
IMG_20240705_225351,IMG_20240705_225351,1,datastream_1\samples\left\IMG_20240705_225351,0, 
IMG_20240705_225355,IMG_20240705_225355,1,datastream_1\samples\left\IMG_20240705_225355,0, 
IMG_20240705_225358,IMG_20240705_225358,1,datastream_1\samples\left\IMG_20240705_225358,0, 
IMG_20240705_230227,IMG_20240705_230227,1,datastream_1\samples\left\IMG_20240705_230227,0, 
IMG_20240705_230230,IMG_20240705_230230,1,datastream_1\samples\left\IMG_20240705_230230,0, 
IMG_20240705_230232,IMG_20240705_230232,1,datastream_1\samples\left\IMG_20240705_230232,0, 
IMG_20240705_230235,IMG_20240705_230235,1,datastream_1\samples\left\IMG_20240705_230235,0, 
IMG_20240705_230237,IMG_20240705_230237,1,datastream_1\samples\left\IMG_20240705_230237,0, 
IMG_20240705_230250,IMG_20240705_230250,1,datastream_1\samples\left\IMG_20240705_230250,0, 
IMG_20240705_230257,IMG_20240705_230257,1,datastream_1\samples\left\IMG_20240705_230257,0, 
IMG_20240705_230259,IMG_20240705_230259,1,datastream_1\samples\left\IMG_20240705_230259,0, 
IMG_20240705_230301,IMG_20240705_230301,1,datastream_1\samples\left\IMG_20240705_230301,0, 
IMG_20240705_230303,IMG_20240705_230303,1,datastream_1\samples\left\IMG_20240705_230303,0, 
IMG_20240705_230318,IMG_20240705_230318,1,datastream_1\samples\left\IMG_20240705_230318,0, 
IMG_20240705_230321,IMG_20240705_230321,1,datastream_1\samples\left\IMG_20240705_230321,0, 
IMG_20240705_230323,IMG_20240705_230323,1,datastream_1\samples\left\IMG_20240705_230323,0, 
IMG_20240705_230325,IMG_20240705_230325,1,datastream_1\samples\left\IMG_20240705_230325,0, 
IMG_20240705_230328,IMG_20240705_230328,1,datastream_1\samples\left\IMG_20240705_230328,0, 
IMG_20240705_230353,IMG_20240705_230353,1,datastream_1\samples\left\IMG_20240705_230353,0, 
IMG_20240705_230356,IMG_20240705_230356,1,datastream_1\samples\left\IMG_20240705_230356,0, 
IMG_20240705_230358,IMG_20240705_230358,1,datastream_1\samples\left\IMG_20240705_230358,0, 
IMG_20240705_230400,IMG_20240705_230400,1,datastream_1\samples\left\IMG_20240705_230400,0, 
IMG_20240705_230403,IMG_20240705_230403,1,datastream_1\samples\left\IMG_20240705_230403,0, 
IMG_20240705_230441,IMG_20240705_230441,1,datastream_1\samples\left\IMG_20240705_230441,0, 
IMG_20240705_230444,IMG_20240705_230444,1,datastream_1\samples\left\IMG_20240705_230444,0, 
IMG_20240705_230446,IMG_20240705_230446,1,datastream_1\samples\left\IMG_20240705_230446,0, 
IMG_20240705_230448,IMG_20240705_230448,1,datastream_1\samples\left\IMG_20240705_230448,0, 
IMG_20240705_230450,IMG_20240705_230450,1,datastream_1\samples\left\IMG_20240705_230450,0, 
IMG_20240705_230501,IMG_20240705_230501,1,datastream_1\samples\left\IMG_20240705_230501,0, 
IMG_20240705_230504,IMG_20240705_230504,1,datastream_1\samples\left\IMG_20240705_230504,0, 
IMG_20240705_230507,IMG_20240705_230507,1,datastream_1\samples\left\IMG_20240705_230507,0, 
IMG_20240705_230509,IMG_20240705_230509,1,datastream_1\samples\left\IMG_20240705_230509,0, 
IMG_20240705_230512,IMG_20240705_230512,1,datastream_1\samples\left\IMG_20240705_230512,0, 
IMG_20240705_230542,IMG_20240705_230542,1,datastream_1\samples\left\IMG_20240705_230542,0, 
IMG_20240705_230546,IMG_20240705_230546,1,datastream_1\samples\left\IMG_20240705_230546,0, 
IMG_20240705_230549,IMG_20240705_230549,1,datastream_1\samples\left\IMG_20240705_230549,0, 
IMG_20240705_230551,IMG_20240705_230551,1,datastream_1\samples\left\IMG_20240705_230551,0, 
IMG_20240705_230554,IMG_20240705_230554,1,datastream_1\samples\left\IMG_20240705_230554,0, 
IMG_20240705_230950,IMG_20240705_230950,1,datastream_1\samples\left\IMG_20240705_230950,0, 
IMG_20240705_230953,IMG_20240705_230953,1,datastream_1\samples\left\IMG_20240705_230953,0, 
IMG_20240705_230955,IMG_20240705_230955,1,datastream_1\samples\left\IMG_20240705_230955,0, 
IMG_20240705_230958,IMG_20240705_230958,1,datastream_1\samples\left\IMG_20240705_230958,0, 
IMG_20240705_231000,IMG_20240705_231000,1,datastream_1\samples\left\IMG_20240705_231000,0, 
IMG_20240705_231201,IMG_20240705_231201,1,datastream_1\samples\left\IMG_20240705_231201,0, 
IMG_20240705_231203,IMG_20240705_231203,1,datastream_1\samples\left\IMG_20240705_231203,0, 
IMG_20240705_231206,IMG_20240705_231206,1,datastream_1\samples\left\IMG_20240705_231206,0, 
IMG_20240705_231208,IMG_20240705_231208,1,datastream_1\samples\left\IMG_20240705_231208,0, 
IMG_20240705_231211,IMG_20240705_231211,1,datastream_1\samples\left\IMG_20240705_231211,0, 
IMG_20240705_231304,IMG_20240705_231304,1,datastream_1\samples\left\IMG_20240705_231304,0, 
IMG_20240705_231307,IMG_20240705_231307,1,datastream_1\samples\left\IMG_20240705_231307,0, 
IMG_20240705_231309,IMG_20240705_231309,1,datastream_1\samples\left\IMG_20240705_231309,0, 
IMG_20240705_231312,IMG_20240705_231312,1,datastream_1\samples\left\IMG_20240705_231312,0, 
IMG_20240705_231314,IMG_20240705_231314,1,datastream_1\samples\left\IMG_20240705_231314,0, 
IMG_20240705_231338,IMG_20240705_231338,1,datastream_1\samples\left\IMG_20240705_231338,0, 
IMG_20240705_231341,IMG_20240705_231341,1,datastream_1\samples\left\IMG_20240705_231341,0, 
IMG_20240705_231345,IMG_20240705_231345,1,datastream_1\samples\left\IMG_20240705_231345,0, 
IMG_20240705_231348,IMG_20240705_231348,1,datastream_1\samples\left\IMG_20240705_231348,0, 
IMG_20240705_231351,IMG_20240705_231351,1,datastream_1\samples\left\IMG_20240705_231351,0, 
IMG_20240705_231436,IMG_20240705_231436,1,datastream_1\samples\left\IMG_20240705_231436,0, 
IMG_20240705_231439,IMG_20240705_231439,1,datastream_1\samples\left\IMG_20240705_231439,0, 
IMG_20240705_231442,IMG_20240705_231442,1,datastream_1\samples\left\IMG_20240705_231442,0, 
IMG_20240705_231445,IMG_20240705_231445,1,datastream_1\samples\left\IMG_20240705_231445,0, 
IMG_20240705_231448,IMG_20240705_231448,1,datastream_1\samples\left\IMG_20240705_231448,0, 
IMG_20240705_231939,IMG_20240705_231939,1,datastream_1\samples\left\IMG_20240705_231939,0, 
IMG_20240705_231940,IMG_20240705_231940,1,datastream_1\samples\left\IMG_20240705_231940,0, 
IMG_20240705_231942,IMG_20240705_231942,1,datastream_1\samples\left\IMG_20240705_231942,0, 
IMG_20240705_231944,IMG_20240705_231944,1,datastream_1\samples\left\IMG_20240705_231944,0, 
IMG_20240705_231947,IMG_20240705_231947,1,datastream_1\samples\left\IMG_20240705_231947,0, 
IMG_20240705_232014,IMG_20240705_232014,1,datastream_1\samples\left\IMG_20240705_232014,0, 
IMG_20240705_232017,IMG_20240705_232017,1,datastream_1\samples\left\IMG_20240705_232017,0, 
IMG_20240705_232019,IMG_20240705_232019,1,datastream_1\samples\left\IMG_20240705_232019,0, 
IMG_20240705_232021,IMG_20240705_232021,1,datastream_1\samples\left\IMG_20240705_232021,0, 
IMG_20240705_232023,IMG_20240705_232023,1,datastream_1\samples\left\IMG_20240705_232023,0, 
IMG_20240705_232111,IMG_20240705_232111,1,datastream_1\samples\left\IMG_20240705_232111,0, 
IMG_20240705_232113,IMG_20240705_232113,1,datastream_1\samples\left\IMG_20240705_232113,0, 
IMG_20240705_232115,IMG_20240705_232115,1,datastream_1\samples\left\IMG_20240705_232115,0, 
IMG_20240705_232118,IMG_20240705_232118,1,datastream_1\samples\left\IMG_20240705_232118,0, 
IMG_20240705_232120,IMG_20240705_232120,1,datastream_1\samples\left\IMG_20240705_232120,0, 
IMG_20240705_232231,IMG_20240705_232231,1,datastream_1\samples\left\IMG_20240705_232231,0, 
IMG_20240705_232232,IMG_20240705_232232,1,datastream_1\samples\left\IMG_20240705_232232,0, 
IMG_20240705_232234,IMG_20240705_232234,1,datastream_1\samples\left\IMG_20240705_232234,0, 
IMG_20240705_232236,IMG_20240705_232236,1,datastream_1\samples\left\IMG_20240705_232236,0, 
IMG_20240705_232239,IMG_20240705_232239,1,datastream_1\samples\left\IMG_20240705_232239,0, 
IMG_20240705_232543,IMG_20240705_232543,1,datastream_1\samples\left\IMG_20240705_232543,0, 
IMG_20240705_232545,IMG_20240705_232545,1,datastream_1\samples\left\IMG_20240705_232545,0, 
IMG_20240705_232548,IMG_20240705_232548,1,datastream_1\samples\left\IMG_20240705_232548,0, 
IMG_20240705_232551,IMG_20240705_232551,1,datastream_1\samples\left\IMG_20240705_232551,0, 
IMG_20240705_232554,IMG_20240705_232554,1,datastream_1\samples\left\IMG_20240705_232554,0, 
IMG_20240705_232600,IMG_20240705_232600,1,datastream_1\samples\left\IMG_20240705_232600,0, 
IMG_20240705_232605,IMG_20240705_232605,1,datastream_1\samples\left\IMG_20240705_232605,0, 
IMG_20240705_232608,IMG_20240705_232608,1,datastream_1\samples\left\IMG_20240705_232608,0, 
IMG_20240705_232610,IMG_20240705_232610,1,datastream_1\samples\left\IMG_20240705_232610,0, 
IMG_20240705_232613,IMG_20240705_232613,1,datastream_1\samples\left\IMG_20240705_232613,0, 
